filepath,label,class_name,split
C:\Users\Hani Computer\deepfake_project\Data\test\real\000.png,0,real,test
C:\Users\Hani Computer\deepfake_project\Data\test\real\00000000.png,0,real,test
C:\Users\Hani Computer\deepfake_project\Data\test\real\00000000_1.png,0,real,test
C:\Users\Hani Computer\deepfake_project\Data\test\real\00000000_10.png,0,real,test
C:\Users\Hani Computer\deepfake_project\Data\test\real\00000000_11.png,0,real,test
C:\Users\Hani Computer\deepfake_project\Data\test\real\00000000_12.png,0,real,test
C:\Users\Hani Computer\deepfake_project\Data\test\real\00000000_13.png,0,real,test
C:\Users\Hani Computer\deepfake_project\Data\test\real\00000000_14.png,0,real,test
C:\Users\Hani Computer\deepfake_project\Data\test\real\00000000_15.png,0,real,test
C:\Users\Hani Computer\deepfake_project\Data\test\real\00000000_16.png,0,real,test
C:\Users\Hani Computer\deepfake_project\Data\test\real\00000000_17.png,0,real,test
C:\Users\Hani Computer\deepfake_project\Data\test\real\00000000_18.png,0,real,test
C:\Users\Hani Computer\deepfake_project\Data\test\real\00000000_19.png,0,real,test
C:\Users\Hani Computer\deepfake_project\Data\test\real\00000000_2.png,0,real,test
C:\Users\Hani Computer\deepfake_project\Data\test\real\00000000_20.png,0,real,test
C:\Users\Hani Computer\deepfake_project\Data\test\real\00000000_21.png,0,real,test
C:\Users\Hani Computer\deepfake_project\Data\test\real\00000000_22.png,0,real,test
C:\Users\Hani Computer\deepfake_project\Data\test\real\00000000_23.png,0,real,test
C:\Users\Hani Computer\deepfake_project\Data\test\real\00000000_24.png,0,real,test
C:\Users\Hani Computer\deepfake_project\Data\test\real\00000000_25.png,0,real,test
C:\Users\Hani Computer\deepfake_project\Data\test\real\00000000_26.png,0,real,test
C:\Users\Hani Computer\deepfake_project\Data\test\real\00000000_27.png,0,real,test
C:\Users\Hani Computer\deepfake_project\Data\test\real\00000000_28.png,0,real,test
C:\Users\Hani Computer\deepfake_project\Data\test\real\00000000_29.png,0,real,test
C:\Users\Hani Computer\deepfake_project\Data\test\real\00000000_3.png,0,real,test
C:\Users\Hani Computer\deepfake_project\Data\test\real\00000000_30.png,0,real,test
C:\Users\Hani Computer\deepfake_project\Data\test\real\00000000_31.png,0,real,test
C:\Users\Hani Computer\deepfake_project\Data\test\real\00000000_32.png,0,real,test
C:\Users\Hani Computer\deepfake_project\Data\test\real\00000000_33.png,0,real,test
C:\Users\Hani Computer\deepfake_project\Data\test\real\00000000_34.png,0,real,test
C:\Users\Hani Computer\deepfake_project\Data\test\real\00000000_35.png,0,real,test
C:\Users\Hani Computer\deepfake_project\Data\test\real\00000000_36.png,0,real,test
C:\Users\Hani Computer\deepfake_project\Data\test\real\00000000_37.png,0,real,test
C:\Users\Hani Computer\deepfake_project\Data\test\real\00000000_38.png,0,real,test
C:\Users\Hani Computer\deepfake_project\Data\test\real\00000000_39.png,0,real,test
C:\Users\Hani Computer\deepfake_project\Data\test\real\00000000_4.png,0,real,test
C:\Users\Hani Computer\deepfake_project\Data\test\real\00000000_40.png,0,real,test
C:\Users\Hani Computer\deepfake_project\Data\test\real\00000000_41.png,0,real,test
C:\Users\Hani Computer\deepfake_project\Data\test\real\00000000_42.png,0,real,test
C:\Users\Hani Computer\deepfake_project\Data\test\real\00000000_43.png,0,real,test
C:\Users\Hani Computer\deepfake_project\Data\test\real\00000000_44.png,0,real,test
C:\Users\Hani Computer\deepfake_project\Data\test\real\00000000_45.png,0,real,test
C:\Users\Hani Computer\deepfake_project\Data\test\real\00000000_46.png,0,real,test
C:\Users\Hani Computer\deepfake_project\Data\test\real\00000000_47.png,0,real,test
C:\Users\Hani Computer\deepfake_project\Data\test\real\00000000_48.png,0,real,test
C:\Users\Hani Computer\deepfake_project\Data\test\real\00000000_49.png,0,real,test
C:\Users\Hani Computer\deepfake_project\Data\test\real\00000000_5.png,0,real,test
C:\Users\Hani Computer\deepfake_project\Data\test\real\00000000_6.png,0,real,test
C:\Users\Hani Computer\deepfake_project\Data\test\real\00000000_7.png,0,real,test
C:\Users\Hani Computer\deepfake_project\Data\test\real\00000000_8.png,0,real,test
C:\Users\Hani Computer\deepfake_project\Data\test\real\00000000_9.png,0,real,test
C:\Users\Hani Computer\deepfake_project\Data\test\real\00000001.png,0,real,test
C:\Users\Hani Computer\deepfake_project\Data\test\real\00000001_1.png,0,real,test
C:\Users\Hani Computer\deepfake_project\Data\test\real\00000001_10.png,0,real,test
C:\Users\Hani Computer\deepfake_project\Data\test\real\00000001_11.png,0,real,test
C:\Users\Hani Computer\deepfake_project\Data\test\real\00000001_12.png,0,real,test
C:\Users\Hani Computer\deepfake_project\Data\test\real\00000001_13.png,0,real,test
C:\Users\Hani Computer\deepfake_project\Data\test\real\00000001_14.png,0,real,test
C:\Users\Hani Computer\deepfake_project\Data\test\real\00000001_15.png,0,real,test
C:\Users\Hani Computer\deepfake_project\Data\test\real\00000001_16.png,0,real,test
C:\Users\Hani Computer\deepfake_project\Data\test\real\00000001_17.png,0,real,test
C:\Users\Hani Computer\deepfake_project\Data\test\real\00000001_18.png,0,real,test
C:\Users\Hani Computer\deepfake_project\Data\test\real\00000001_19.png,0,real,test
C:\Users\Hani Computer\deepfake_project\Data\test\real\00000001_2.png,0,real,test
C:\Users\Hani Computer\deepfake_project\Data\test\real\00000001_20.png,0,real,test
C:\Users\Hani Computer\deepfake_project\Data\test\real\00000001_21.png,0,real,test
C:\Users\Hani Computer\deepfake_project\Data\test\real\00000001_22.png,0,real,test
C:\Users\Hani Computer\deepfake_project\Data\test\real\00000001_23.png,0,real,test
C:\Users\Hani Computer\deepfake_project\Data\test\real\00000001_24.png,0,real,test
C:\Users\Hani Computer\deepfake_project\Data\test\real\00000001_25.png,0,real,test
C:\Users\Hani Computer\deepfake_project\Data\test\real\00000001_26.png,0,real,test
C:\Users\Hani Computer\deepfake_project\Data\test\real\00000001_27.png,0,real,test
C:\Users\Hani Computer\deepfake_project\Data\test\real\00000001_28.png,0,real,test
C:\Users\Hani Computer\deepfake_project\Data\test\real\00000001_29.png,0,real,test
C:\Users\Hani Computer\deepfake_project\Data\test\real\00000001_3.png,0,real,test
C:\Users\Hani Computer\deepfake_project\Data\test\real\00000001_30.png,0,real,test
C:\Users\Hani Computer\deepfake_project\Data\test\real\00000001_31.png,0,real,test
C:\Users\Hani Computer\deepfake_project\Data\test\real\00000001_32.png,0,real,test
C:\Users\Hani Computer\deepfake_project\Data\test\real\00000001_33.png,0,real,test
C:\Users\Hani Computer\deepfake_project\Data\test\real\00000001_34.png,0,real,test
C:\Users\Hani Computer\deepfake_project\Data\test\real\00000001_35.png,0,real,test
C:\Users\Hani Computer\deepfake_project\Data\test\real\00000001_36.png,0,real,test
C:\Users\Hani Computer\deepfake_project\Data\test\real\00000001_37.png,0,real,test
C:\Users\Hani Computer\deepfake_project\Data\test\real\00000001_38.png,0,real,test
C:\Users\Hani Computer\deepfake_project\Data\test\real\00000001_39.png,0,real,test
C:\Users\Hani Computer\deepfake_project\Data\test\real\00000001_4.png,0,real,test
C:\Users\Hani Computer\deepfake_project\Data\test\real\00000001_40.png,0,real,test
C:\Users\Hani Computer\deepfake_project\Data\test\real\00000001_41.png,0,real,test
C:\Users\Hani Computer\deepfake_project\Data\test\real\00000001_42.png,0,real,test
C:\Users\Hani Computer\deepfake_project\Data\test\real\00000001_43.png,0,real,test
C:\Users\Hani Computer\deepfake_project\Data\test\real\00000001_44.png,0,real,test
C:\Users\Hani Computer\deepfake_project\Data\test\real\00000001_45.png,0,real,test
C:\Users\Hani Computer\deepfake_project\Data\test\real\00000001_46.png,0,real,test
C:\Users\Hani Computer\deepfake_project\Data\test\real\00000001_47.png,0,real,test
C:\Users\Hani Computer\deepfake_project\Data\test\real\00000001_48.png,0,real,test
C:\Users\Hani Computer\deepfake_project\Data\test\real\00000001_49.png,0,real,test
C:\Users\Hani Computer\deepfake_project\Data\test\real\00000001_5.png,0,real,test
C:\Users\Hani Computer\deepfake_project\Data\test\real\00000001_6.png,0,real,test
C:\Users\Hani Computer\deepfake_project\Data\test\real\00000001_7.png,0,real,test
C:\Users\Hani Computer\deepfake_project\Data\test\real\00000001_8.png,0,real,test
C:\Users\Hani Computer\deepfake_project\Data\test\real\00000001_9.png,0,real,test
C:\Users\Hani Computer\deepfake_project\Data\test\real\00000002.png,0,real,test
C:\Users\Hani Computer\deepfake_project\Data\test\real\00000002_1.png,0,real,test
C:\Users\Hani Computer\deepfake_project\Data\test\real\00000002_10.png,0,real,test
C:\Users\Hani Computer\deepfake_project\Data\test\real\00000002_11.png,0,real,test
C:\Users\Hani Computer\deepfake_project\Data\test\real\00000002_12.png,0,real,test
C:\Users\Hani Computer\deepfake_project\Data\test\real\00000002_13.png,0,real,test
C:\Users\Hani Computer\deepfake_project\Data\test\real\00000002_14.png,0,real,test
C:\Users\Hani Computer\deepfake_project\Data\test\real\00000002_15.png,0,real,test
C:\Users\Hani Computer\deepfake_project\Data\test\real\00000002_16.png,0,real,test
C:\Users\Hani Computer\deepfake_project\Data\test\real\00000002_17.png,0,real,test
C:\Users\Hani Computer\deepfake_project\Data\test\real\00000002_18.png,0,real,test
C:\Users\Hani Computer\deepfake_project\Data\test\real\00000002_19.png,0,real,test
C:\Users\Hani Computer\deepfake_project\Data\test\real\00000002_2.png,0,real,test
C:\Users\Hani Computer\deepfake_project\Data\test\real\00000002_20.png,0,real,test
C:\Users\Hani Computer\deepfake_project\Data\test\real\00000002_21.png,0,real,test
C:\Users\Hani Computer\deepfake_project\Data\test\real\00000002_22.png,0,real,test
C:\Users\Hani Computer\deepfake_project\Data\test\real\00000002_23.png,0,real,test
C:\Users\Hani Computer\deepfake_project\Data\test\real\00000002_24.png,0,real,test
C:\Users\Hani Computer\deepfake_project\Data\test\real\00000002_25.png,0,real,test
C:\Users\Hani Computer\deepfake_project\Data\test\real\00000002_26.png,0,real,test
C:\Users\Hani Computer\deepfake_project\Data\test\real\00000002_27.png,0,real,test
C:\Users\Hani Computer\deepfake_project\Data\test\real\00000002_28.png,0,real,test
C:\Users\Hani Computer\deepfake_project\Data\test\real\00000002_29.png,0,real,test
C:\Users\Hani Computer\deepfake_project\Data\test\real\00000002_3.png,0,real,test
C:\Users\Hani Computer\deepfake_project\Data\test\real\00000002_30.png,0,real,test
C:\Users\Hani Computer\deepfake_project\Data\test\real\00000002_31.png,0,real,test
C:\Users\Hani Computer\deepfake_project\Data\test\real\00000002_32.png,0,real,test
C:\Users\Hani Computer\deepfake_project\Data\test\real\00000002_33.png,0,real,test
C:\Users\Hani Computer\deepfake_project\Data\test\real\00000002_34.png,0,real,test
C:\Users\Hani Computer\deepfake_project\Data\test\real\00000002_35.png,0,real,test
C:\Users\Hani Computer\deepfake_project\Data\test\real\00000002_36.png,0,real,test
C:\Users\Hani Computer\deepfake_project\Data\test\real\00000002_37.png,0,real,test
C:\Users\Hani Computer\deepfake_project\Data\test\real\00000002_38.png,0,real,test
C:\Users\Hani Computer\deepfake_project\Data\test\real\00000002_39.png,0,real,test
C:\Users\Hani Computer\deepfake_project\Data\test\real\00000002_4.png,0,real,test
C:\Users\Hani Computer\deepfake_project\Data\test\real\00000002_40.png,0,real,test
C:\Users\Hani Computer\deepfake_project\Data\test\real\00000002_41.png,0,real,test
C:\Users\Hani Computer\deepfake_project\Data\test\real\00000002_42.png,0,real,test
C:\Users\Hani Computer\deepfake_project\Data\test\real\00000002_43.png,0,real,test
C:\Users\Hani Computer\deepfake_project\Data\test\real\00000002_44.png,0,real,test
C:\Users\Hani Computer\deepfake_project\Data\test\real\00000002_45.png,0,real,test
C:\Users\Hani Computer\deepfake_project\Data\test\real\00000002_46.png,0,real,test
C:\Users\Hani Computer\deepfake_project\Data\test\real\00000002_47.png,0,real,test
C:\Users\Hani Computer\deepfake_project\Data\test\real\00000002_48.png,0,real,test
C:\Users\Hani Computer\deepfake_project\Data\test\real\00000002_49.png,0,real,test
C:\Users\Hani Computer\deepfake_project\Data\test\real\00000002_5.png,0,real,test
C:\Users\Hani Computer\deepfake_project\Data\test\real\00000002_6.png,0,real,test
C:\Users\Hani Computer\deepfake_project\Data\test\real\00000002_7.png,0,real,test
C:\Users\Hani Computer\deepfake_project\Data\test\real\00000002_8.png,0,real,test
C:\Users\Hani Computer\deepfake_project\Data\test\real\00000002_9.png,0,real,test
C:\Users\Hani Computer\deepfake_project\Data\test\real\00000003.png,0,real,test
C:\Users\Hani Computer\deepfake_project\Data\test\real\00000003_1.png,0,real,test
C:\Users\Hani Computer\deepfake_project\Data\test\real\00000003_10.png,0,real,test
C:\Users\Hani Computer\deepfake_project\Data\test\real\00000003_11.png,0,real,test
C:\Users\Hani Computer\deepfake_project\Data\test\real\00000003_12.png,0,real,test
C:\Users\Hani Computer\deepfake_project\Data\test\real\00000003_13.png,0,real,test
C:\Users\Hani Computer\deepfake_project\Data\test\real\00000003_14.png,0,real,test
C:\Users\Hani Computer\deepfake_project\Data\test\real\00000003_15.png,0,real,test
C:\Users\Hani Computer\deepfake_project\Data\test\real\00000003_16.png,0,real,test
C:\Users\Hani Computer\deepfake_project\Data\test\real\00000003_17.png,0,real,test
C:\Users\Hani Computer\deepfake_project\Data\test\real\00000003_18.png,0,real,test
C:\Users\Hani Computer\deepfake_project\Data\test\real\00000003_19.png,0,real,test
C:\Users\Hani Computer\deepfake_project\Data\test\real\00000003_2.png,0,real,test
C:\Users\Hani Computer\deepfake_project\Data\test\real\00000003_20.png,0,real,test
C:\Users\Hani Computer\deepfake_project\Data\test\real\00000003_21.png,0,real,test
C:\Users\Hani Computer\deepfake_project\Data\test\real\00000003_22.png,0,real,test
C:\Users\Hani Computer\deepfake_project\Data\test\real\00000003_23.png,0,real,test
C:\Users\Hani Computer\deepfake_project\Data\test\real\00000003_24.png,0,real,test
C:\Users\Hani Computer\deepfake_project\Data\test\real\00000003_25.png,0,real,test
C:\Users\Hani Computer\deepfake_project\Data\test\real\00000003_26.png,0,real,test
C:\Users\Hani Computer\deepfake_project\Data\test\real\00000003_27.png,0,real,test
C:\Users\Hani Computer\deepfake_project\Data\test\real\00000003_28.png,0,real,test
C:\Users\Hani Computer\deepfake_project\Data\test\real\00000003_29.png,0,real,test
C:\Users\Hani Computer\deepfake_project\Data\test\real\00000003_3.png,0,real,test
C:\Users\Hani Computer\deepfake_project\Data\test\real\00000003_30.png,0,real,test
C:\Users\Hani Computer\deepfake_project\Data\test\real\00000003_31.png,0,real,test
C:\Users\Hani Computer\deepfake_project\Data\test\real\00000003_32.png,0,real,test
C:\Users\Hani Computer\deepfake_project\Data\test\real\00000003_33.png,0,real,test
C:\Users\Hani Computer\deepfake_project\Data\test\real\00000003_34.png,0,real,test
C:\Users\Hani Computer\deepfake_project\Data\test\real\00000003_35.png,0,real,test
C:\Users\Hani Computer\deepfake_project\Data\test\real\00000003_36.png,0,real,test
C:\Users\Hani Computer\deepfake_project\Data\test\real\00000003_37.png,0,real,test
C:\Users\Hani Computer\deepfake_project\Data\test\real\00000003_38.png,0,real,test
C:\Users\Hani Computer\deepfake_project\Data\test\real\00000003_39.png,0,real,test
C:\Users\Hani Computer\deepfake_project\Data\test\real\00000003_4.png,0,real,test
C:\Users\Hani Computer\deepfake_project\Data\test\real\00000003_40.png,0,real,test
C:\Users\Hani Computer\deepfake_project\Data\test\real\00000003_41.png,0,real,test
C:\Users\Hani Computer\deepfake_project\Data\test\real\00000003_42.png,0,real,test
C:\Users\Hani Computer\deepfake_project\Data\test\real\00000003_43.png,0,real,test
C:\Users\Hani Computer\deepfake_project\Data\test\real\00000003_44.png,0,real,test
C:\Users\Hani Computer\deepfake_project\Data\test\real\00000003_45.png,0,real,test
C:\Users\Hani Computer\deepfake_project\Data\test\real\00000003_46.png,0,real,test
C:\Users\Hani Computer\deepfake_project\Data\test\real\00000003_47.png,0,real,test
C:\Users\Hani Computer\deepfake_project\Data\test\real\00000003_48.png,0,real,test
C:\Users\Hani Computer\deepfake_project\Data\test\real\00000003_49.png,0,real,test
C:\Users\Hani Computer\deepfake_project\Data\test\real\00000003_5.png,0,real,test
C:\Users\Hani Computer\deepfake_project\Data\test\real\00000003_6.png,0,real,test
C:\Users\Hani Computer\deepfake_project\Data\test\real\00000003_7.png,0,real,test
C:\Users\Hani Computer\deepfake_project\Data\test\real\00000003_8.png,0,real,test
C:\Users\Hani Computer\deepfake_project\Data\test\real\00000003_9.png,0,real,test
C:\Users\Hani Computer\deepfake_project\Data\test\real\00000004.png,0,real,test
C:\Users\Hani Computer\deepfake_project\Data\test\real\00000004_1.png,0,real,test
C:\Users\Hani Computer\deepfake_project\Data\test\real\00000004_10.png,0,real,test
C:\Users\Hani Computer\deepfake_project\Data\test\real\00000004_11.png,0,real,test
C:\Users\Hani Computer\deepfake_project\Data\test\real\00000004_12.png,0,real,test
C:\Users\Hani Computer\deepfake_project\Data\test\real\00000004_13.png,0,real,test
C:\Users\Hani Computer\deepfake_project\Data\test\real\00000004_14.png,0,real,test
C:\Users\Hani Computer\deepfake_project\Data\test\real\00000004_15.png,0,real,test
C:\Users\Hani Computer\deepfake_project\Data\test\real\00000004_16.png,0,real,test
C:\Users\Hani Computer\deepfake_project\Data\test\real\00000004_17.png,0,real,test
C:\Users\Hani Computer\deepfake_project\Data\test\real\00000004_18.png,0,real,test
C:\Users\Hani Computer\deepfake_project\Data\test\real\00000004_19.png,0,real,test
C:\Users\Hani Computer\deepfake_project\Data\test\real\00000004_2.png,0,real,test
C:\Users\Hani Computer\deepfake_project\Data\test\real\00000004_20.png,0,real,test
C:\Users\Hani Computer\deepfake_project\Data\test\real\00000004_21.png,0,real,test
C:\Users\Hani Computer\deepfake_project\Data\test\real\00000004_22.png,0,real,test
C:\Users\Hani Computer\deepfake_project\Data\test\real\00000004_23.png,0,real,test
C:\Users\Hani Computer\deepfake_project\Data\test\real\00000004_24.png,0,real,test
C:\Users\Hani Computer\deepfake_project\Data\test\real\00000004_25.png,0,real,test
C:\Users\Hani Computer\deepfake_project\Data\test\real\00000004_26.png,0,real,test
C:\Users\Hani Computer\deepfake_project\Data\test\real\00000004_27.png,0,real,test
C:\Users\Hani Computer\deepfake_project\Data\test\real\00000004_28.png,0,real,test
C:\Users\Hani Computer\deepfake_project\Data\test\real\00000004_29.png,0,real,test
C:\Users\Hani Computer\deepfake_project\Data\test\real\00000004_3.png,0,real,test
C:\Users\Hani Computer\deepfake_project\Data\test\real\00000004_30.png,0,real,test
C:\Users\Hani Computer\deepfake_project\Data\test\real\00000004_31.png,0,real,test
C:\Users\Hani Computer\deepfake_project\Data\test\real\00000004_32.png,0,real,test
C:\Users\Hani Computer\deepfake_project\Data\test\real\00000004_33.png,0,real,test
C:\Users\Hani Computer\deepfake_project\Data\test\real\00000004_34.png,0,real,test
C:\Users\Hani Computer\deepfake_project\Data\test\real\00000004_35.png,0,real,test
C:\Users\Hani Computer\deepfake_project\Data\test\real\00000004_36.png,0,real,test
C:\Users\Hani Computer\deepfake_project\Data\test\real\00000004_37.png,0,real,test
C:\Users\Hani Computer\deepfake_project\Data\test\real\00000004_38.png,0,real,test
C:\Users\Hani Computer\deepfake_project\Data\test\real\00000004_39.png,0,real,test
C:\Users\Hani Computer\deepfake_project\Data\test\real\00000004_4.png,0,real,test
C:\Users\Hani Computer\deepfake_project\Data\test\real\00000004_40.png,0,real,test
C:\Users\Hani Computer\deepfake_project\Data\test\real\00000004_41.png,0,real,test
C:\Users\Hani Computer\deepfake_project\Data\test\real\00000004_42.png,0,real,test
C:\Users\Hani Computer\deepfake_project\Data\test\real\00000004_43.png,0,real,test
C:\Users\Hani Computer\deepfake_project\Data\test\real\00000004_44.png,0,real,test
C:\Users\Hani Computer\deepfake_project\Data\test\real\00000004_45.png,0,real,test
C:\Users\Hani Computer\deepfake_project\Data\test\real\00000004_46.png,0,real,test
C:\Users\Hani Computer\deepfake_project\Data\test\real\00000004_47.png,0,real,test
C:\Users\Hani Computer\deepfake_project\Data\test\real\00000004_48.png,0,real,test
C:\Users\Hani Computer\deepfake_project\Data\test\real\00000004_49.png,0,real,test
C:\Users\Hani Computer\deepfake_project\Data\test\real\00000004_5.png,0,real,test
C:\Users\Hani Computer\deepfake_project\Data\test\real\00000004_6.png,0,real,test
C:\Users\Hani Computer\deepfake_project\Data\test\real\00000004_7.png,0,real,test
C:\Users\Hani Computer\deepfake_project\Data\test\real\00000004_8.png,0,real,test
C:\Users\Hani Computer\deepfake_project\Data\test\real\00000004_9.png,0,real,test
C:\Users\Hani Computer\deepfake_project\Data\test\real\00000005.png,0,real,test
C:\Users\Hani Computer\deepfake_project\Data\test\real\00000005_1.png,0,real,test
C:\Users\Hani Computer\deepfake_project\Data\test\real\00000005_10.png,0,real,test
C:\Users\Hani Computer\deepfake_project\Data\test\real\00000005_11.png,0,real,test
C:\Users\Hani Computer\deepfake_project\Data\test\real\00000005_12.png,0,real,test
C:\Users\Hani Computer\deepfake_project\Data\test\real\00000005_13.png,0,real,test
C:\Users\Hani Computer\deepfake_project\Data\test\real\00000005_14.png,0,real,test
C:\Users\Hani Computer\deepfake_project\Data\test\real\00000005_15.png,0,real,test
C:\Users\Hani Computer\deepfake_project\Data\test\real\00000005_16.png,0,real,test
C:\Users\Hani Computer\deepfake_project\Data\test\real\00000005_17.png,0,real,test
C:\Users\Hani Computer\deepfake_project\Data\test\real\00000005_18.png,0,real,test
C:\Users\Hani Computer\deepfake_project\Data\test\real\00000005_19.png,0,real,test
C:\Users\Hani Computer\deepfake_project\Data\test\real\00000005_2.png,0,real,test
C:\Users\Hani Computer\deepfake_project\Data\test\real\00000005_20.png,0,real,test
C:\Users\Hani Computer\deepfake_project\Data\test\real\00000005_21.png,0,real,test
C:\Users\Hani Computer\deepfake_project\Data\test\real\00000005_22.png,0,real,test
C:\Users\Hani Computer\deepfake_project\Data\test\real\00000005_23.png,0,real,test
C:\Users\Hani Computer\deepfake_project\Data\test\real\00000005_24.png,0,real,test
C:\Users\Hani Computer\deepfake_project\Data\test\real\00000005_25.png,0,real,test
C:\Users\Hani Computer\deepfake_project\Data\test\real\00000005_26.png,0,real,test
C:\Users\Hani Computer\deepfake_project\Data\test\real\00000005_27.png,0,real,test
C:\Users\Hani Computer\deepfake_project\Data\test\real\00000005_28.png,0,real,test
C:\Users\Hani Computer\deepfake_project\Data\test\real\00000005_29.png,0,real,test
C:\Users\Hani Computer\deepfake_project\Data\test\real\00000005_3.png,0,real,test
C:\Users\Hani Computer\deepfake_project\Data\test\real\00000005_30.png,0,real,test
C:\Users\Hani Computer\deepfake_project\Data\test\real\00000005_31.png,0,real,test
C:\Users\Hani Computer\deepfake_project\Data\test\real\00000005_32.png,0,real,test
C:\Users\Hani Computer\deepfake_project\Data\test\real\00000005_33.png,0,real,test
C:\Users\Hani Computer\deepfake_project\Data\test\real\00000005_34.png,0,real,test
C:\Users\Hani Computer\deepfake_project\Data\test\real\00000005_35.png,0,real,test
C:\Users\Hani Computer\deepfake_project\Data\test\real\00000005_36.png,0,real,test
C:\Users\Hani Computer\deepfake_project\Data\test\real\00000005_37.png,0,real,test
C:\Users\Hani Computer\deepfake_project\Data\test\real\00000005_38.png,0,real,test
C:\Users\Hani Computer\deepfake_project\Data\test\real\00000005_39.png,0,real,test
C:\Users\Hani Computer\deepfake_project\Data\test\real\00000005_4.png,0,real,test
C:\Users\Hani Computer\deepfake_project\Data\test\real\00000005_40.png,0,real,test
C:\Users\Hani Computer\deepfake_project\Data\test\real\00000005_41.png,0,real,test
C:\Users\Hani Computer\deepfake_project\Data\test\real\00000005_42.png,0,real,test
C:\Users\Hani Computer\deepfake_project\Data\test\real\00000005_43.png,0,real,test
C:\Users\Hani Computer\deepfake_project\Data\test\real\00000005_44.png,0,real,test
C:\Users\Hani Computer\deepfake_project\Data\test\real\00000005_45.png,0,real,test
C:\Users\Hani Computer\deepfake_project\Data\test\real\00000005_46.png,0,real,test
C:\Users\Hani Computer\deepfake_project\Data\test\real\00000005_47.png,0,real,test
C:\Users\Hani Computer\deepfake_project\Data\test\real\00000005_48.png,0,real,test
C:\Users\Hani Computer\deepfake_project\Data\test\real\00000005_49.png,0,real,test
C:\Users\Hani Computer\deepfake_project\Data\test\real\00000005_5.png,0,real,test
C:\Users\Hani Computer\deepfake_project\Data\test\real\00000005_6.png,0,real,test
C:\Users\Hani Computer\deepfake_project\Data\test\real\00000005_7.png,0,real,test
C:\Users\Hani Computer\deepfake_project\Data\test\real\00000005_8.png,0,real,test
C:\Users\Hani Computer\deepfake_project\Data\test\real\00000005_9.png,0,real,test
C:\Users\Hani Computer\deepfake_project\Data\test\real\00000006.png,0,real,test
C:\Users\Hani Computer\deepfake_project\Data\test\real\00000006_1.png,0,real,test
C:\Users\Hani Computer\deepfake_project\Data\test\real\00000006_10.png,0,real,test
C:\Users\Hani Computer\deepfake_project\Data\test\real\00000006_11.png,0,real,test
C:\Users\Hani Computer\deepfake_project\Data\test\real\00000006_12.png,0,real,test
C:\Users\Hani Computer\deepfake_project\Data\test\real\00000006_13.png,0,real,test
C:\Users\Hani Computer\deepfake_project\Data\test\real\00000006_14.png,0,real,test
C:\Users\Hani Computer\deepfake_project\Data\test\real\00000006_15.png,0,real,test
C:\Users\Hani Computer\deepfake_project\Data\test\real\00000006_16.png,0,real,test
C:\Users\Hani Computer\deepfake_project\Data\test\real\00000006_17.png,0,real,test
C:\Users\Hani Computer\deepfake_project\Data\test\real\00000006_18.png,0,real,test
C:\Users\Hani Computer\deepfake_project\Data\test\real\00000006_19.png,0,real,test
C:\Users\Hani Computer\deepfake_project\Data\test\real\00000006_2.png,0,real,test
C:\Users\Hani Computer\deepfake_project\Data\test\real\00000006_20.png,0,real,test
C:\Users\Hani Computer\deepfake_project\Data\test\real\00000006_21.png,0,real,test
C:\Users\Hani Computer\deepfake_project\Data\test\real\00000006_22.png,0,real,test
C:\Users\Hani Computer\deepfake_project\Data\test\real\00000006_23.png,0,real,test
C:\Users\Hani Computer\deepfake_project\Data\test\real\00000006_24.png,0,real,test
C:\Users\Hani Computer\deepfake_project\Data\test\real\00000006_25.png,0,real,test
C:\Users\Hani Computer\deepfake_project\Data\test\real\00000006_26.png,0,real,test
C:\Users\Hani Computer\deepfake_project\Data\test\real\00000006_27.png,0,real,test
C:\Users\Hani Computer\deepfake_project\Data\test\real\00000006_28.png,0,real,test
C:\Users\Hani Computer\deepfake_project\Data\test\real\00000006_29.png,0,real,test
C:\Users\Hani Computer\deepfake_project\Data\test\real\00000006_3.png,0,real,test
C:\Users\Hani Computer\deepfake_project\Data\test\real\00000006_30.png,0,real,test
C:\Users\Hani Computer\deepfake_project\Data\test\real\00000006_31.png,0,real,test
C:\Users\Hani Computer\deepfake_project\Data\test\real\00000006_32.png,0,real,test
C:\Users\Hani Computer\deepfake_project\Data\test\real\00000006_33.png,0,real,test
C:\Users\Hani Computer\deepfake_project\Data\test\real\00000006_34.png,0,real,test
C:\Users\Hani Computer\deepfake_project\Data\test\real\00000006_35.png,0,real,test
C:\Users\Hani Computer\deepfake_project\Data\test\real\00000006_36.png,0,real,test
C:\Users\Hani Computer\deepfake_project\Data\test\real\00000006_37.png,0,real,test
C:\Users\Hani Computer\deepfake_project\Data\test\real\00000006_38.png,0,real,test
C:\Users\Hani Computer\deepfake_project\Data\test\real\00000006_39.png,0,real,test
C:\Users\Hani Computer\deepfake_project\Data\test\real\00000006_4.png,0,real,test
C:\Users\Hani Computer\deepfake_project\Data\test\real\00000006_40.png,0,real,test
C:\Users\Hani Computer\deepfake_project\Data\test\real\00000006_41.png,0,real,test
C:\Users\Hani Computer\deepfake_project\Data\test\real\00000006_42.png,0,real,test
C:\Users\Hani Computer\deepfake_project\Data\test\real\00000006_43.png,0,real,test
C:\Users\Hani Computer\deepfake_project\Data\test\real\00000006_44.png,0,real,test
C:\Users\Hani Computer\deepfake_project\Data\test\real\00000006_45.png,0,real,test
C:\Users\Hani Computer\deepfake_project\Data\test\real\00000006_46.png,0,real,test
C:\Users\Hani Computer\deepfake_project\Data\test\real\00000006_47.png,0,real,test
C:\Users\Hani Computer\deepfake_project\Data\test\real\00000006_48.png,0,real,test
C:\Users\Hani Computer\deepfake_project\Data\test\real\00000006_49.png,0,real,test
C:\Users\Hani Computer\deepfake_project\Data\test\real\00000006_5.png,0,real,test
C:\Users\Hani Computer\deepfake_project\Data\test\real\00000006_6.png,0,real,test
C:\Users\Hani Computer\deepfake_project\Data\test\real\00000006_7.png,0,real,test
C:\Users\Hani Computer\deepfake_project\Data\test\real\00000006_8.png,0,real,test
C:\Users\Hani Computer\deepfake_project\Data\test\real\00000006_9.png,0,real,test
C:\Users\Hani Computer\deepfake_project\Data\test\real\00000007.png,0,real,test
C:\Users\Hani Computer\deepfake_project\Data\test\real\00000007_1.png,0,real,test
C:\Users\Hani Computer\deepfake_project\Data\test\real\00000007_10.png,0,real,test
C:\Users\Hani Computer\deepfake_project\Data\test\real\00000007_11.png,0,real,test
C:\Users\Hani Computer\deepfake_project\Data\test\real\00000007_12.png,0,real,test
C:\Users\Hani Computer\deepfake_project\Data\test\real\00000007_13.png,0,real,test
C:\Users\Hani Computer\deepfake_project\Data\test\real\00000007_14.png,0,real,test
C:\Users\Hani Computer\deepfake_project\Data\test\real\00000007_15.png,0,real,test
C:\Users\Hani Computer\deepfake_project\Data\test\real\00000007_16.png,0,real,test
C:\Users\Hani Computer\deepfake_project\Data\test\real\00000007_17.png,0,real,test
C:\Users\Hani Computer\deepfake_project\Data\test\real\00000007_18.png,0,real,test
C:\Users\Hani Computer\deepfake_project\Data\test\real\00000007_19.png,0,real,test
C:\Users\Hani Computer\deepfake_project\Data\test\real\00000007_2.png,0,real,test
C:\Users\Hani Computer\deepfake_project\Data\test\real\00000007_20.png,0,real,test
C:\Users\Hani Computer\deepfake_project\Data\test\real\00000007_21.png,0,real,test
C:\Users\Hani Computer\deepfake_project\Data\test\real\00000007_22.png,0,real,test
C:\Users\Hani Computer\deepfake_project\Data\test\real\00000007_23.png,0,real,test
C:\Users\Hani Computer\deepfake_project\Data\test\real\00000007_24.png,0,real,test
C:\Users\Hani Computer\deepfake_project\Data\test\real\00000007_25.png,0,real,test
C:\Users\Hani Computer\deepfake_project\Data\test\real\00000007_26.png,0,real,test
C:\Users\Hani Computer\deepfake_project\Data\test\real\00000007_27.png,0,real,test
C:\Users\Hani Computer\deepfake_project\Data\test\real\00000007_28.png,0,real,test
C:\Users\Hani Computer\deepfake_project\Data\test\real\00000007_29.png,0,real,test
C:\Users\Hani Computer\deepfake_project\Data\test\real\00000007_3.png,0,real,test
C:\Users\Hani Computer\deepfake_project\Data\test\real\00000007_30.png,0,real,test
C:\Users\Hani Computer\deepfake_project\Data\test\real\00000007_31.png,0,real,test
C:\Users\Hani Computer\deepfake_project\Data\test\real\00000007_32.png,0,real,test
C:\Users\Hani Computer\deepfake_project\Data\test\real\00000007_33.png,0,real,test
C:\Users\Hani Computer\deepfake_project\Data\test\real\00000007_34.png,0,real,test
C:\Users\Hani Computer\deepfake_project\Data\test\real\00000007_35.png,0,real,test
C:\Users\Hani Computer\deepfake_project\Data\test\real\00000007_36.png,0,real,test
C:\Users\Hani Computer\deepfake_project\Data\test\real\00000007_37.png,0,real,test
C:\Users\Hani Computer\deepfake_project\Data\test\real\00000007_38.png,0,real,test
C:\Users\Hani Computer\deepfake_project\Data\test\real\00000007_39.png,0,real,test
C:\Users\Hani Computer\deepfake_project\Data\test\real\00000007_4.png,0,real,test
C:\Users\Hani Computer\deepfake_project\Data\test\real\00000007_40.png,0,real,test
C:\Users\Hani Computer\deepfake_project\Data\test\real\00000007_41.png,0,real,test
C:\Users\Hani Computer\deepfake_project\Data\test\real\00000007_42.png,0,real,test
C:\Users\Hani Computer\deepfake_project\Data\test\real\00000007_43.png,0,real,test
C:\Users\Hani Computer\deepfake_project\Data\test\real\00000007_44.png,0,real,test
C:\Users\Hani Computer\deepfake_project\Data\test\real\00000007_45.png,0,real,test
C:\Users\Hani Computer\deepfake_project\Data\test\real\00000007_46.png,0,real,test
C:\Users\Hani Computer\deepfake_project\Data\test\real\00000007_47.png,0,real,test
C:\Users\Hani Computer\deepfake_project\Data\test\real\00000007_48.png,0,real,test
C:\Users\Hani Computer\deepfake_project\Data\test\real\00000007_49.png,0,real,test
C:\Users\Hani Computer\deepfake_project\Data\test\real\00000007_5.png,0,real,test
C:\Users\Hani Computer\deepfake_project\Data\test\real\00000007_6.png,0,real,test
C:\Users\Hani Computer\deepfake_project\Data\test\real\00000007_7.png,0,real,test
C:\Users\Hani Computer\deepfake_project\Data\test\real\00000007_8.png,0,real,test
C:\Users\Hani Computer\deepfake_project\Data\test\real\00000007_9.png,0,real,test
C:\Users\Hani Computer\deepfake_project\Data\test\real\00000008.png,0,real,test
C:\Users\Hani Computer\deepfake_project\Data\test\real\00000008_1.png,0,real,test
C:\Users\Hani Computer\deepfake_project\Data\test\real\00000008_10.png,0,real,test
C:\Users\Hani Computer\deepfake_project\Data\test\real\00000008_11.png,0,real,test
C:\Users\Hani Computer\deepfake_project\Data\test\real\00000008_12.png,0,real,test
C:\Users\Hani Computer\deepfake_project\Data\test\real\00000008_13.png,0,real,test
C:\Users\Hani Computer\deepfake_project\Data\test\real\00000008_14.png,0,real,test
C:\Users\Hani Computer\deepfake_project\Data\test\real\00000008_15.png,0,real,test
C:\Users\Hani Computer\deepfake_project\Data\test\real\00000008_16.png,0,real,test
C:\Users\Hani Computer\deepfake_project\Data\test\real\00000008_17.png,0,real,test
C:\Users\Hani Computer\deepfake_project\Data\test\real\00000008_18.png,0,real,test
C:\Users\Hani Computer\deepfake_project\Data\test\real\00000008_19.png,0,real,test
C:\Users\Hani Computer\deepfake_project\Data\test\real\00000008_2.png,0,real,test
C:\Users\Hani Computer\deepfake_project\Data\test\real\00000008_20.png,0,real,test
C:\Users\Hani Computer\deepfake_project\Data\test\real\00000008_21.png,0,real,test
C:\Users\Hani Computer\deepfake_project\Data\test\real\00000008_22.png,0,real,test
C:\Users\Hani Computer\deepfake_project\Data\test\real\00000008_23.png,0,real,test
C:\Users\Hani Computer\deepfake_project\Data\test\real\00000008_24.png,0,real,test
C:\Users\Hani Computer\deepfake_project\Data\test\real\00000008_25.png,0,real,test
C:\Users\Hani Computer\deepfake_project\Data\test\real\00000008_26.png,0,real,test
C:\Users\Hani Computer\deepfake_project\Data\test\real\00000008_27.png,0,real,test
C:\Users\Hani Computer\deepfake_project\Data\test\real\00000008_28.png,0,real,test
C:\Users\Hani Computer\deepfake_project\Data\test\real\00000008_29.png,0,real,test
C:\Users\Hani Computer\deepfake_project\Data\test\real\00000008_3.png,0,real,test
C:\Users\Hani Computer\deepfake_project\Data\test\real\00000008_30.png,0,real,test
C:\Users\Hani Computer\deepfake_project\Data\test\real\00000008_31.png,0,real,test
C:\Users\Hani Computer\deepfake_project\Data\test\real\00000008_32.png,0,real,test
C:\Users\Hani Computer\deepfake_project\Data\test\real\00000008_33.png,0,real,test
C:\Users\Hani Computer\deepfake_project\Data\test\real\00000008_34.png,0,real,test
C:\Users\Hani Computer\deepfake_project\Data\test\real\00000008_35.png,0,real,test
C:\Users\Hani Computer\deepfake_project\Data\test\real\00000008_36.png,0,real,test
C:\Users\Hani Computer\deepfake_project\Data\test\real\00000008_37.png,0,real,test
C:\Users\Hani Computer\deepfake_project\Data\test\real\00000008_38.png,0,real,test
C:\Users\Hani Computer\deepfake_project\Data\test\real\00000008_39.png,0,real,test
C:\Users\Hani Computer\deepfake_project\Data\test\real\00000008_4.png,0,real,test
C:\Users\Hani Computer\deepfake_project\Data\test\real\00000008_40.png,0,real,test
C:\Users\Hani Computer\deepfake_project\Data\test\real\00000008_41.png,0,real,test
C:\Users\Hani Computer\deepfake_project\Data\test\real\00000008_42.png,0,real,test
C:\Users\Hani Computer\deepfake_project\Data\test\real\00000008_43.png,0,real,test
C:\Users\Hani Computer\deepfake_project\Data\test\real\00000008_44.png,0,real,test
C:\Users\Hani Computer\deepfake_project\Data\test\real\00000008_45.png,0,real,test
C:\Users\Hani Computer\deepfake_project\Data\test\real\00000008_46.png,0,real,test
C:\Users\Hani Computer\deepfake_project\Data\test\real\00000008_47.png,0,real,test
C:\Users\Hani Computer\deepfake_project\Data\test\real\00000008_48.png,0,real,test
C:\Users\Hani Computer\deepfake_project\Data\test\real\00000008_49.png,0,real,test
C:\Users\Hani Computer\deepfake_project\Data\test\real\00000008_5.png,0,real,test
C:\Users\Hani Computer\deepfake_project\Data\test\real\00000008_6.png,0,real,test
C:\Users\Hani Computer\deepfake_project\Data\test\real\00000008_7.png,0,real,test
C:\Users\Hani Computer\deepfake_project\Data\test\real\00000008_8.png,0,real,test
C:\Users\Hani Computer\deepfake_project\Data\test\real\00000008_9.png,0,real,test
C:\Users\Hani Computer\deepfake_project\Data\test\real\00000009.png,0,real,test
C:\Users\Hani Computer\deepfake_project\Data\test\real\00000009_1.png,0,real,test
C:\Users\Hani Computer\deepfake_project\Data\test\real\00000009_10.png,0,real,test
C:\Users\Hani Computer\deepfake_project\Data\test\real\00000009_11.png,0,real,test
C:\Users\Hani Computer\deepfake_project\Data\test\real\00000009_12.png,0,real,test
C:\Users\Hani Computer\deepfake_project\Data\test\real\00000009_13.png,0,real,test
C:\Users\Hani Computer\deepfake_project\Data\test\real\00000009_14.png,0,real,test
C:\Users\Hani Computer\deepfake_project\Data\test\real\00000009_15.png,0,real,test
C:\Users\Hani Computer\deepfake_project\Data\test\real\00000009_16.png,0,real,test
C:\Users\Hani Computer\deepfake_project\Data\test\real\00000009_17.png,0,real,test
C:\Users\Hani Computer\deepfake_project\Data\test\real\00000009_18.png,0,real,test
C:\Users\Hani Computer\deepfake_project\Data\test\real\00000009_19.png,0,real,test
C:\Users\Hani Computer\deepfake_project\Data\test\real\00000009_2.png,0,real,test
C:\Users\Hani Computer\deepfake_project\Data\test\real\00000009_20.png,0,real,test
C:\Users\Hani Computer\deepfake_project\Data\test\real\00000009_21.png,0,real,test
C:\Users\Hani Computer\deepfake_project\Data\test\real\00000009_22.png,0,real,test
C:\Users\Hani Computer\deepfake_project\Data\test\real\00000009_23.png,0,real,test
C:\Users\Hani Computer\deepfake_project\Data\test\real\00000009_24.png,0,real,test
C:\Users\Hani Computer\deepfake_project\Data\test\real\00000009_25.png,0,real,test
C:\Users\Hani Computer\deepfake_project\Data\test\real\00000009_26.png,0,real,test
C:\Users\Hani Computer\deepfake_project\Data\test\real\00000009_27.png,0,real,test
C:\Users\Hani Computer\deepfake_project\Data\test\real\00000009_28.png,0,real,test
C:\Users\Hani Computer\deepfake_project\Data\test\real\00000009_29.png,0,real,test
C:\Users\Hani Computer\deepfake_project\Data\test\real\00000009_3.png,0,real,test
C:\Users\Hani Computer\deepfake_project\Data\test\real\00000009_30.png,0,real,test
C:\Users\Hani Computer\deepfake_project\Data\test\real\00000009_31.png,0,real,test
C:\Users\Hani Computer\deepfake_project\Data\test\real\00000009_32.png,0,real,test
C:\Users\Hani Computer\deepfake_project\Data\test\real\00000009_33.png,0,real,test
C:\Users\Hani Computer\deepfake_project\Data\test\real\00000009_34.png,0,real,test
C:\Users\Hani Computer\deepfake_project\Data\test\real\00000009_35.png,0,real,test
C:\Users\Hani Computer\deepfake_project\Data\test\real\00000009_36.png,0,real,test
C:\Users\Hani Computer\deepfake_project\Data\test\real\00000009_37.png,0,real,test
C:\Users\Hani Computer\deepfake_project\Data\test\real\00000009_38.png,0,real,test
C:\Users\Hani Computer\deepfake_project\Data\test\real\00000009_39.png,0,real,test
C:\Users\Hani Computer\deepfake_project\Data\test\real\00000009_4.png,0,real,test
C:\Users\Hani Computer\deepfake_project\Data\test\real\00000009_40.png,0,real,test
C:\Users\Hani Computer\deepfake_project\Data\test\real\00000009_41.png,0,real,test
C:\Users\Hani Computer\deepfake_project\Data\test\real\00000009_42.png,0,real,test
C:\Users\Hani Computer\deepfake_project\Data\test\real\00000009_43.png,0,real,test
C:\Users\Hani Computer\deepfake_project\Data\test\real\00000009_44.png,0,real,test
C:\Users\Hani Computer\deepfake_project\Data\test\real\00000009_45.png,0,real,test
C:\Users\Hani Computer\deepfake_project\Data\test\real\00000009_46.png,0,real,test
C:\Users\Hani Computer\deepfake_project\Data\test\real\00000009_47.png,0,real,test
C:\Users\Hani Computer\deepfake_project\Data\test\real\00000009_48.png,0,real,test
C:\Users\Hani Computer\deepfake_project\Data\test\real\00000009_49.png,0,real,test
C:\Users\Hani Computer\deepfake_project\Data\test\real\00000009_5.png,0,real,test
C:\Users\Hani Computer\deepfake_project\Data\test\real\00000009_6.png,0,real,test
C:\Users\Hani Computer\deepfake_project\Data\test\real\00000009_7.png,0,real,test
C:\Users\Hani Computer\deepfake_project\Data\test\real\00000009_8.png,0,real,test
C:\Users\Hani Computer\deepfake_project\Data\test\real\00000009_9.png,0,real,test
C:\Users\Hani Computer\deepfake_project\Data\test\real\00000010.png,0,real,test
C:\Users\Hani Computer\deepfake_project\Data\test\real\00000010_1.png,0,real,test
C:\Users\Hani Computer\deepfake_project\Data\test\real\00000010_10.png,0,real,test
C:\Users\Hani Computer\deepfake_project\Data\test\real\00000010_11.png,0,real,test
C:\Users\Hani Computer\deepfake_project\Data\test\real\00000010_12.png,0,real,test
C:\Users\Hani Computer\deepfake_project\Data\test\real\00000010_13.png,0,real,test
C:\Users\Hani Computer\deepfake_project\Data\test\real\00000010_14.png,0,real,test
C:\Users\Hani Computer\deepfake_project\Data\test\real\00000010_15.png,0,real,test
C:\Users\Hani Computer\deepfake_project\Data\test\real\00000010_16.png,0,real,test
C:\Users\Hani Computer\deepfake_project\Data\test\real\00000010_17.png,0,real,test
C:\Users\Hani Computer\deepfake_project\Data\test\real\00000010_18.png,0,real,test
C:\Users\Hani Computer\deepfake_project\Data\test\real\00000010_19.png,0,real,test
C:\Users\Hani Computer\deepfake_project\Data\test\real\00000010_2.png,0,real,test
C:\Users\Hani Computer\deepfake_project\Data\test\real\00000010_20.png,0,real,test
C:\Users\Hani Computer\deepfake_project\Data\test\real\00000010_21.png,0,real,test
C:\Users\Hani Computer\deepfake_project\Data\test\real\00000010_22.png,0,real,test
C:\Users\Hani Computer\deepfake_project\Data\test\real\00000010_23.png,0,real,test
C:\Users\Hani Computer\deepfake_project\Data\test\real\00000010_24.png,0,real,test
C:\Users\Hani Computer\deepfake_project\Data\test\real\00000010_25.png,0,real,test
C:\Users\Hani Computer\deepfake_project\Data\test\real\00000010_26.png,0,real,test
C:\Users\Hani Computer\deepfake_project\Data\test\real\00000010_27.png,0,real,test
C:\Users\Hani Computer\deepfake_project\Data\test\real\00000010_28.png,0,real,test
C:\Users\Hani Computer\deepfake_project\Data\test\real\00000010_29.png,0,real,test
C:\Users\Hani Computer\deepfake_project\Data\test\real\00000010_3.png,0,real,test
C:\Users\Hani Computer\deepfake_project\Data\test\real\00000010_30.png,0,real,test
C:\Users\Hani Computer\deepfake_project\Data\test\real\00000010_31.png,0,real,test
C:\Users\Hani Computer\deepfake_project\Data\test\real\00000010_32.png,0,real,test
C:\Users\Hani Computer\deepfake_project\Data\test\real\00000010_33.png,0,real,test
C:\Users\Hani Computer\deepfake_project\Data\test\real\00000010_34.png,0,real,test
C:\Users\Hani Computer\deepfake_project\Data\test\real\00000010_35.png,0,real,test
C:\Users\Hani Computer\deepfake_project\Data\test\real\00000010_36.png,0,real,test
C:\Users\Hani Computer\deepfake_project\Data\test\real\00000010_37.png,0,real,test
C:\Users\Hani Computer\deepfake_project\Data\test\real\00000010_38.png,0,real,test
C:\Users\Hani Computer\deepfake_project\Data\test\real\00000010_39.png,0,real,test
C:\Users\Hani Computer\deepfake_project\Data\test\real\00000010_4.png,0,real,test
C:\Users\Hani Computer\deepfake_project\Data\test\real\00000010_40.png,0,real,test
C:\Users\Hani Computer\deepfake_project\Data\test\real\00000010_41.png,0,real,test
C:\Users\Hani Computer\deepfake_project\Data\test\real\00000010_42.png,0,real,test
C:\Users\Hani Computer\deepfake_project\Data\test\real\00000010_43.png,0,real,test
C:\Users\Hani Computer\deepfake_project\Data\test\real\00000010_44.png,0,real,test
C:\Users\Hani Computer\deepfake_project\Data\test\real\00000010_45.png,0,real,test
C:\Users\Hani Computer\deepfake_project\Data\test\real\00000010_46.png,0,real,test
C:\Users\Hani Computer\deepfake_project\Data\test\real\00000010_47.png,0,real,test
C:\Users\Hani Computer\deepfake_project\Data\test\real\00000010_48.png,0,real,test
C:\Users\Hani Computer\deepfake_project\Data\test\real\00000010_49.png,0,real,test
C:\Users\Hani Computer\deepfake_project\Data\test\real\00000010_5.png,0,real,test
C:\Users\Hani Computer\deepfake_project\Data\test\real\00000010_6.png,0,real,test
C:\Users\Hani Computer\deepfake_project\Data\test\real\00000010_7.png,0,real,test
C:\Users\Hani Computer\deepfake_project\Data\test\real\00000010_8.png,0,real,test
C:\Users\Hani Computer\deepfake_project\Data\test\real\00000010_9.png,0,real,test
C:\Users\Hani Computer\deepfake_project\Data\test\real\00000011.png,0,real,test
C:\Users\Hani Computer\deepfake_project\Data\test\real\00000011_1.png,0,real,test
C:\Users\Hani Computer\deepfake_project\Data\test\real\00000011_10.png,0,real,test
C:\Users\Hani Computer\deepfake_project\Data\test\real\00000011_11.png,0,real,test
C:\Users\Hani Computer\deepfake_project\Data\test\real\00000011_12.png,0,real,test
C:\Users\Hani Computer\deepfake_project\Data\test\real\00000011_13.png,0,real,test
C:\Users\Hani Computer\deepfake_project\Data\test\real\00000011_14.png,0,real,test
C:\Users\Hani Computer\deepfake_project\Data\test\real\00000011_15.png,0,real,test
C:\Users\Hani Computer\deepfake_project\Data\test\real\00000011_16.png,0,real,test
C:\Users\Hani Computer\deepfake_project\Data\test\real\00000011_17.png,0,real,test
C:\Users\Hani Computer\deepfake_project\Data\test\real\00000011_18.png,0,real,test
C:\Users\Hani Computer\deepfake_project\Data\test\real\00000011_19.png,0,real,test
C:\Users\Hani Computer\deepfake_project\Data\test\real\00000011_2.png,0,real,test
C:\Users\Hani Computer\deepfake_project\Data\test\real\00000011_20.png,0,real,test
C:\Users\Hani Computer\deepfake_project\Data\test\real\00000011_21.png,0,real,test
C:\Users\Hani Computer\deepfake_project\Data\test\real\00000011_22.png,0,real,test
C:\Users\Hani Computer\deepfake_project\Data\test\real\00000011_23.png,0,real,test
C:\Users\Hani Computer\deepfake_project\Data\test\real\00000011_24.png,0,real,test
C:\Users\Hani Computer\deepfake_project\Data\test\real\00000011_25.png,0,real,test
C:\Users\Hani Computer\deepfake_project\Data\test\real\00000011_26.png,0,real,test
C:\Users\Hani Computer\deepfake_project\Data\test\real\00000011_27.png,0,real,test
C:\Users\Hani Computer\deepfake_project\Data\test\real\00000011_28.png,0,real,test
C:\Users\Hani Computer\deepfake_project\Data\test\real\00000011_29.png,0,real,test
C:\Users\Hani Computer\deepfake_project\Data\test\real\00000011_3.png,0,real,test
C:\Users\Hani Computer\deepfake_project\Data\test\real\00000011_30.png,0,real,test
C:\Users\Hani Computer\deepfake_project\Data\test\real\00000011_31.png,0,real,test
C:\Users\Hani Computer\deepfake_project\Data\test\real\00000011_32.png,0,real,test
C:\Users\Hani Computer\deepfake_project\Data\test\real\00000011_33.png,0,real,test
C:\Users\Hani Computer\deepfake_project\Data\test\real\00000011_34.png,0,real,test
C:\Users\Hani Computer\deepfake_project\Data\test\real\00000011_35.png,0,real,test
C:\Users\Hani Computer\deepfake_project\Data\test\real\00000011_36.png,0,real,test
C:\Users\Hani Computer\deepfake_project\Data\test\real\00000011_37.png,0,real,test
C:\Users\Hani Computer\deepfake_project\Data\test\real\00000011_38.png,0,real,test
C:\Users\Hani Computer\deepfake_project\Data\test\real\00000011_39.png,0,real,test
C:\Users\Hani Computer\deepfake_project\Data\test\real\00000011_4.png,0,real,test
C:\Users\Hani Computer\deepfake_project\Data\test\real\00000011_40.png,0,real,test
C:\Users\Hani Computer\deepfake_project\Data\test\real\00000011_41.png,0,real,test
C:\Users\Hani Computer\deepfake_project\Data\test\real\00000011_42.png,0,real,test
C:\Users\Hani Computer\deepfake_project\Data\test\real\00000011_43.png,0,real,test
C:\Users\Hani Computer\deepfake_project\Data\test\real\00000011_44.png,0,real,test
C:\Users\Hani Computer\deepfake_project\Data\test\real\00000011_45.png,0,real,test
C:\Users\Hani Computer\deepfake_project\Data\test\real\00000011_46.png,0,real,test
C:\Users\Hani Computer\deepfake_project\Data\test\real\00000011_47.png,0,real,test
C:\Users\Hani Computer\deepfake_project\Data\test\real\00000011_48.png,0,real,test
C:\Users\Hani Computer\deepfake_project\Data\test\real\00000011_49.png,0,real,test
C:\Users\Hani Computer\deepfake_project\Data\test\real\00000011_5.png,0,real,test
C:\Users\Hani Computer\deepfake_project\Data\test\real\00000011_6.png,0,real,test
C:\Users\Hani Computer\deepfake_project\Data\test\real\00000011_7.png,0,real,test
C:\Users\Hani Computer\deepfake_project\Data\test\real\00000011_8.png,0,real,test
C:\Users\Hani Computer\deepfake_project\Data\test\real\00000011_9.png,0,real,test
C:\Users\Hani Computer\deepfake_project\Data\test\real\00000012.png,0,real,test
C:\Users\Hani Computer\deepfake_project\Data\test\real\00000012_1.png,0,real,test
C:\Users\Hani Computer\deepfake_project\Data\test\real\00000012_10.png,0,real,test
C:\Users\Hani Computer\deepfake_project\Data\test\real\00000012_11.png,0,real,test
C:\Users\Hani Computer\deepfake_project\Data\test\real\00000012_12.png,0,real,test
C:\Users\Hani Computer\deepfake_project\Data\test\real\00000012_13.png,0,real,test
C:\Users\Hani Computer\deepfake_project\Data\test\real\00000012_14.png,0,real,test
C:\Users\Hani Computer\deepfake_project\Data\test\real\00000012_15.png,0,real,test
C:\Users\Hani Computer\deepfake_project\Data\test\real\00000012_16.png,0,real,test
C:\Users\Hani Computer\deepfake_project\Data\test\real\00000012_17.png,0,real,test
C:\Users\Hani Computer\deepfake_project\Data\test\real\00000012_18.png,0,real,test
C:\Users\Hani Computer\deepfake_project\Data\test\real\00000012_19.png,0,real,test
C:\Users\Hani Computer\deepfake_project\Data\test\real\00000012_2.png,0,real,test
C:\Users\Hani Computer\deepfake_project\Data\test\real\00000012_20.png,0,real,test
C:\Users\Hani Computer\deepfake_project\Data\test\real\00000012_21.png,0,real,test
C:\Users\Hani Computer\deepfake_project\Data\test\real\00000012_22.png,0,real,test
C:\Users\Hani Computer\deepfake_project\Data\test\real\00000012_23.png,0,real,test
C:\Users\Hani Computer\deepfake_project\Data\test\real\00000012_24.png,0,real,test
C:\Users\Hani Computer\deepfake_project\Data\test\real\00000012_25.png,0,real,test
C:\Users\Hani Computer\deepfake_project\Data\test\real\00000012_26.png,0,real,test
C:\Users\Hani Computer\deepfake_project\Data\test\real\00000012_27.png,0,real,test
C:\Users\Hani Computer\deepfake_project\Data\test\real\00000012_28.png,0,real,test
C:\Users\Hani Computer\deepfake_project\Data\test\real\00000012_29.png,0,real,test
C:\Users\Hani Computer\deepfake_project\Data\test\real\00000012_3.png,0,real,test
C:\Users\Hani Computer\deepfake_project\Data\test\real\00000012_30.png,0,real,test
C:\Users\Hani Computer\deepfake_project\Data\test\real\00000012_31.png,0,real,test
C:\Users\Hani Computer\deepfake_project\Data\test\real\00000012_32.png,0,real,test
C:\Users\Hani Computer\deepfake_project\Data\test\real\00000012_33.png,0,real,test
C:\Users\Hani Computer\deepfake_project\Data\test\real\00000012_34.png,0,real,test
C:\Users\Hani Computer\deepfake_project\Data\test\real\00000012_35.png,0,real,test
C:\Users\Hani Computer\deepfake_project\Data\test\real\00000012_36.png,0,real,test
C:\Users\Hani Computer\deepfake_project\Data\test\real\00000012_37.png,0,real,test
C:\Users\Hani Computer\deepfake_project\Data\test\real\00000012_38.png,0,real,test
C:\Users\Hani Computer\deepfake_project\Data\test\real\00000012_39.png,0,real,test
C:\Users\Hani Computer\deepfake_project\Data\test\real\00000012_4.png,0,real,test
C:\Users\Hani Computer\deepfake_project\Data\test\real\00000012_40.png,0,real,test
C:\Users\Hani Computer\deepfake_project\Data\test\real\00000012_41.png,0,real,test
C:\Users\Hani Computer\deepfake_project\Data\test\real\00000012_42.png,0,real,test
C:\Users\Hani Computer\deepfake_project\Data\test\real\00000012_43.png,0,real,test
C:\Users\Hani Computer\deepfake_project\Data\test\real\00000012_44.png,0,real,test
C:\Users\Hani Computer\deepfake_project\Data\test\real\00000012_45.png,0,real,test
C:\Users\Hani Computer\deepfake_project\Data\test\real\00000012_46.png,0,real,test
C:\Users\Hani Computer\deepfake_project\Data\test\real\00000012_47.png,0,real,test
C:\Users\Hani Computer\deepfake_project\Data\test\real\00000012_48.png,0,real,test
C:\Users\Hani Computer\deepfake_project\Data\test\real\00000012_49.png,0,real,test
C:\Users\Hani Computer\deepfake_project\Data\test\real\00000012_5.png,0,real,test
C:\Users\Hani Computer\deepfake_project\Data\test\real\00000012_6.png,0,real,test
C:\Users\Hani Computer\deepfake_project\Data\test\real\00000012_7.png,0,real,test
C:\Users\Hani Computer\deepfake_project\Data\test\real\00000012_8.png,0,real,test
C:\Users\Hani Computer\deepfake_project\Data\test\real\00000012_9.png,0,real,test
C:\Users\Hani Computer\deepfake_project\Data\test\real\00000013.png,0,real,test
C:\Users\Hani Computer\deepfake_project\Data\test\real\00000013_1.png,0,real,test
C:\Users\Hani Computer\deepfake_project\Data\test\real\00000013_10.png,0,real,test
C:\Users\Hani Computer\deepfake_project\Data\test\real\00000013_11.png,0,real,test
C:\Users\Hani Computer\deepfake_project\Data\test\real\00000013_12.png,0,real,test
C:\Users\Hani Computer\deepfake_project\Data\test\real\00000013_13.png,0,real,test
C:\Users\Hani Computer\deepfake_project\Data\test\real\00000013_14.png,0,real,test
C:\Users\Hani Computer\deepfake_project\Data\test\real\00000013_15.png,0,real,test
C:\Users\Hani Computer\deepfake_project\Data\test\real\00000013_16.png,0,real,test
C:\Users\Hani Computer\deepfake_project\Data\test\real\00000013_17.png,0,real,test
C:\Users\Hani Computer\deepfake_project\Data\test\real\00000013_18.png,0,real,test
C:\Users\Hani Computer\deepfake_project\Data\test\real\00000013_19.png,0,real,test
C:\Users\Hani Computer\deepfake_project\Data\test\real\00000013_2.png,0,real,test
C:\Users\Hani Computer\deepfake_project\Data\test\real\00000013_20.png,0,real,test
C:\Users\Hani Computer\deepfake_project\Data\test\real\00000013_21.png,0,real,test
C:\Users\Hani Computer\deepfake_project\Data\test\real\00000013_22.png,0,real,test
C:\Users\Hani Computer\deepfake_project\Data\test\real\00000013_23.png,0,real,test
C:\Users\Hani Computer\deepfake_project\Data\test\real\00000013_24.png,0,real,test
C:\Users\Hani Computer\deepfake_project\Data\test\real\00000013_25.png,0,real,test
C:\Users\Hani Computer\deepfake_project\Data\test\real\00000013_26.png,0,real,test
C:\Users\Hani Computer\deepfake_project\Data\test\real\00000013_27.png,0,real,test
C:\Users\Hani Computer\deepfake_project\Data\test\real\00000013_28.png,0,real,test
C:\Users\Hani Computer\deepfake_project\Data\test\real\00000013_29.png,0,real,test
C:\Users\Hani Computer\deepfake_project\Data\test\real\00000013_3.png,0,real,test
C:\Users\Hani Computer\deepfake_project\Data\test\real\00000013_30.png,0,real,test
C:\Users\Hani Computer\deepfake_project\Data\test\real\00000013_31.png,0,real,test
C:\Users\Hani Computer\deepfake_project\Data\test\real\00000013_32.png,0,real,test
C:\Users\Hani Computer\deepfake_project\Data\test\real\00000013_33.png,0,real,test
C:\Users\Hani Computer\deepfake_project\Data\test\real\00000013_34.png,0,real,test
C:\Users\Hani Computer\deepfake_project\Data\test\real\00000013_35.png,0,real,test
C:\Users\Hani Computer\deepfake_project\Data\test\real\00000013_36.png,0,real,test
C:\Users\Hani Computer\deepfake_project\Data\test\real\00000013_37.png,0,real,test
C:\Users\Hani Computer\deepfake_project\Data\test\real\00000013_38.png,0,real,test
C:\Users\Hani Computer\deepfake_project\Data\test\real\00000013_39.png,0,real,test
C:\Users\Hani Computer\deepfake_project\Data\test\real\00000013_4.png,0,real,test
C:\Users\Hani Computer\deepfake_project\Data\test\real\00000013_40.png,0,real,test
C:\Users\Hani Computer\deepfake_project\Data\test\real\00000013_41.png,0,real,test
C:\Users\Hani Computer\deepfake_project\Data\test\real\00000013_42.png,0,real,test
C:\Users\Hani Computer\deepfake_project\Data\test\real\00000013_43.png,0,real,test
C:\Users\Hani Computer\deepfake_project\Data\test\real\00000013_44.png,0,real,test
C:\Users\Hani Computer\deepfake_project\Data\test\real\00000013_45.png,0,real,test
C:\Users\Hani Computer\deepfake_project\Data\test\real\00000013_46.png,0,real,test
C:\Users\Hani Computer\deepfake_project\Data\test\real\00000013_47.png,0,real,test
C:\Users\Hani Computer\deepfake_project\Data\test\real\00000013_48.png,0,real,test
C:\Users\Hani Computer\deepfake_project\Data\test\real\00000013_49.png,0,real,test
C:\Users\Hani Computer\deepfake_project\Data\test\real\00000013_5.png,0,real,test
C:\Users\Hani Computer\deepfake_project\Data\test\real\00000013_6.png,0,real,test
C:\Users\Hani Computer\deepfake_project\Data\test\real\00000013_7.png,0,real,test
C:\Users\Hani Computer\deepfake_project\Data\test\real\00000013_8.png,0,real,test
C:\Users\Hani Computer\deepfake_project\Data\test\real\00000013_9.png,0,real,test
C:\Users\Hani Computer\deepfake_project\Data\test\real\00000014.png,0,real,test
C:\Users\Hani Computer\deepfake_project\Data\test\real\00000014_1.png,0,real,test
C:\Users\Hani Computer\deepfake_project\Data\test\real\00000014_10.png,0,real,test
C:\Users\Hani Computer\deepfake_project\Data\test\real\00000014_11.png,0,real,test
C:\Users\Hani Computer\deepfake_project\Data\test\real\00000014_12.png,0,real,test
C:\Users\Hani Computer\deepfake_project\Data\test\real\00000014_13.png,0,real,test
C:\Users\Hani Computer\deepfake_project\Data\test\real\00000014_14.png,0,real,test
C:\Users\Hani Computer\deepfake_project\Data\test\real\00000014_15.png,0,real,test
C:\Users\Hani Computer\deepfake_project\Data\test\real\00000014_16.png,0,real,test
C:\Users\Hani Computer\deepfake_project\Data\test\real\00000014_17.png,0,real,test
C:\Users\Hani Computer\deepfake_project\Data\test\real\00000014_18.png,0,real,test
C:\Users\Hani Computer\deepfake_project\Data\test\real\00000014_19.png,0,real,test
C:\Users\Hani Computer\deepfake_project\Data\test\real\00000014_2.png,0,real,test
C:\Users\Hani Computer\deepfake_project\Data\test\real\00000014_20.png,0,real,test
C:\Users\Hani Computer\deepfake_project\Data\test\real\00000014_21.png,0,real,test
C:\Users\Hani Computer\deepfake_project\Data\test\real\00000014_22.png,0,real,test
C:\Users\Hani Computer\deepfake_project\Data\test\real\00000014_23.png,0,real,test
C:\Users\Hani Computer\deepfake_project\Data\test\real\00000014_24.png,0,real,test
C:\Users\Hani Computer\deepfake_project\Data\test\real\00000014_25.png,0,real,test
C:\Users\Hani Computer\deepfake_project\Data\test\real\00000014_26.png,0,real,test
C:\Users\Hani Computer\deepfake_project\Data\test\real\00000014_27.png,0,real,test
C:\Users\Hani Computer\deepfake_project\Data\test\real\00000014_28.png,0,real,test
C:\Users\Hani Computer\deepfake_project\Data\test\real\00000014_29.png,0,real,test
C:\Users\Hani Computer\deepfake_project\Data\test\real\00000014_3.png,0,real,test
C:\Users\Hani Computer\deepfake_project\Data\test\real\00000014_30.png,0,real,test
C:\Users\Hani Computer\deepfake_project\Data\test\real\00000014_31.png,0,real,test
C:\Users\Hani Computer\deepfake_project\Data\test\real\00000014_32.png,0,real,test
C:\Users\Hani Computer\deepfake_project\Data\test\real\00000014_33.png,0,real,test
C:\Users\Hani Computer\deepfake_project\Data\test\real\00000014_34.png,0,real,test
C:\Users\Hani Computer\deepfake_project\Data\test\real\00000014_35.png,0,real,test
C:\Users\Hani Computer\deepfake_project\Data\test\real\00000014_36.png,0,real,test
C:\Users\Hani Computer\deepfake_project\Data\test\real\00000014_37.png,0,real,test
C:\Users\Hani Computer\deepfake_project\Data\test\real\00000014_38.png,0,real,test
C:\Users\Hani Computer\deepfake_project\Data\test\real\00000014_39.png,0,real,test
C:\Users\Hani Computer\deepfake_project\Data\test\real\00000014_4.png,0,real,test
C:\Users\Hani Computer\deepfake_project\Data\test\real\00000014_40.png,0,real,test
C:\Users\Hani Computer\deepfake_project\Data\test\real\00000014_41.png,0,real,test
C:\Users\Hani Computer\deepfake_project\Data\test\real\00000014_42.png,0,real,test
C:\Users\Hani Computer\deepfake_project\Data\test\real\00000014_43.png,0,real,test
C:\Users\Hani Computer\deepfake_project\Data\test\real\00000014_44.png,0,real,test
C:\Users\Hani Computer\deepfake_project\Data\test\real\00000014_45.png,0,real,test
C:\Users\Hani Computer\deepfake_project\Data\test\real\00000014_46.png,0,real,test
C:\Users\Hani Computer\deepfake_project\Data\test\real\00000014_47.png,0,real,test
C:\Users\Hani Computer\deepfake_project\Data\test\real\00000014_48.png,0,real,test
C:\Users\Hani Computer\deepfake_project\Data\test\real\00000014_49.png,0,real,test
C:\Users\Hani Computer\deepfake_project\Data\test\real\00000014_5.png,0,real,test
C:\Users\Hani Computer\deepfake_project\Data\test\real\00000014_6.png,0,real,test
C:\Users\Hani Computer\deepfake_project\Data\test\real\00000014_7.png,0,real,test
C:\Users\Hani Computer\deepfake_project\Data\test\real\00000014_8.png,0,real,test
C:\Users\Hani Computer\deepfake_project\Data\test\real\00000014_9.png,0,real,test
C:\Users\Hani Computer\deepfake_project\Data\test\real\00000015.png,0,real,test
C:\Users\Hani Computer\deepfake_project\Data\test\real\00000015_1.png,0,real,test
C:\Users\Hani Computer\deepfake_project\Data\test\real\00000015_10.png,0,real,test
C:\Users\Hani Computer\deepfake_project\Data\test\real\00000015_11.png,0,real,test
C:\Users\Hani Computer\deepfake_project\Data\test\real\00000015_12.png,0,real,test
C:\Users\Hani Computer\deepfake_project\Data\test\real\00000015_13.png,0,real,test
C:\Users\Hani Computer\deepfake_project\Data\test\real\00000015_14.png,0,real,test
C:\Users\Hani Computer\deepfake_project\Data\test\real\00000015_15.png,0,real,test
C:\Users\Hani Computer\deepfake_project\Data\test\real\00000015_16.png,0,real,test
C:\Users\Hani Computer\deepfake_project\Data\test\real\00000015_17.png,0,real,test
C:\Users\Hani Computer\deepfake_project\Data\test\real\00000015_18.png,0,real,test
C:\Users\Hani Computer\deepfake_project\Data\test\real\00000015_19.png,0,real,test
C:\Users\Hani Computer\deepfake_project\Data\test\real\00000015_2.png,0,real,test
C:\Users\Hani Computer\deepfake_project\Data\test\real\00000015_20.png,0,real,test
C:\Users\Hani Computer\deepfake_project\Data\test\real\00000015_21.png,0,real,test
C:\Users\Hani Computer\deepfake_project\Data\test\real\00000015_22.png,0,real,test
C:\Users\Hani Computer\deepfake_project\Data\test\real\00000015_23.png,0,real,test
C:\Users\Hani Computer\deepfake_project\Data\test\real\00000015_24.png,0,real,test
C:\Users\Hani Computer\deepfake_project\Data\test\real\00000015_25.png,0,real,test
C:\Users\Hani Computer\deepfake_project\Data\test\real\00000015_26.png,0,real,test
C:\Users\Hani Computer\deepfake_project\Data\test\real\00000015_27.png,0,real,test
C:\Users\Hani Computer\deepfake_project\Data\test\real\00000015_28.png,0,real,test
C:\Users\Hani Computer\deepfake_project\Data\test\real\00000015_29.png,0,real,test
C:\Users\Hani Computer\deepfake_project\Data\test\real\00000015_3.png,0,real,test
C:\Users\Hani Computer\deepfake_project\Data\test\real\00000015_30.png,0,real,test
C:\Users\Hani Computer\deepfake_project\Data\test\real\00000015_31.png,0,real,test
C:\Users\Hani Computer\deepfake_project\Data\test\real\00000015_32.png,0,real,test
C:\Users\Hani Computer\deepfake_project\Data\test\real\00000015_33.png,0,real,test
C:\Users\Hani Computer\deepfake_project\Data\test\real\00000015_34.png,0,real,test
C:\Users\Hani Computer\deepfake_project\Data\test\real\00000015_35.png,0,real,test
C:\Users\Hani Computer\deepfake_project\Data\test\real\00000015_36.png,0,real,test
C:\Users\Hani Computer\deepfake_project\Data\test\real\00000015_37.png,0,real,test
C:\Users\Hani Computer\deepfake_project\Data\test\real\00000015_38.png,0,real,test
C:\Users\Hani Computer\deepfake_project\Data\test\real\00000015_39.png,0,real,test
C:\Users\Hani Computer\deepfake_project\Data\test\real\00000015_4.png,0,real,test
C:\Users\Hani Computer\deepfake_project\Data\test\real\00000015_40.png,0,real,test
C:\Users\Hani Computer\deepfake_project\Data\test\real\00000015_41.png,0,real,test
C:\Users\Hani Computer\deepfake_project\Data\test\real\00000015_42.png,0,real,test
C:\Users\Hani Computer\deepfake_project\Data\test\real\00000015_43.png,0,real,test
C:\Users\Hani Computer\deepfake_project\Data\test\real\00000015_44.png,0,real,test
C:\Users\Hani Computer\deepfake_project\Data\test\real\00000015_45.png,0,real,test
C:\Users\Hani Computer\deepfake_project\Data\test\real\00000015_46.png,0,real,test
C:\Users\Hani Computer\deepfake_project\Data\test\real\00000015_47.png,0,real,test
C:\Users\Hani Computer\deepfake_project\Data\test\real\00000015_48.png,0,real,test
C:\Users\Hani Computer\deepfake_project\Data\test\real\00000015_49.png,0,real,test
C:\Users\Hani Computer\deepfake_project\Data\test\real\00000015_5.png,0,real,test
C:\Users\Hani Computer\deepfake_project\Data\test\real\00000015_6.png,0,real,test
C:\Users\Hani Computer\deepfake_project\Data\test\real\00000015_7.png,0,real,test
C:\Users\Hani Computer\deepfake_project\Data\test\real\00000015_8.png,0,real,test
C:\Users\Hani Computer\deepfake_project\Data\test\real\00000015_9.png,0,real,test
C:\Users\Hani Computer\deepfake_project\Data\test\real\00000016.png,0,real,test
C:\Users\Hani Computer\deepfake_project\Data\test\real\00000016_1.png,0,real,test
C:\Users\Hani Computer\deepfake_project\Data\test\real\00000016_10.png,0,real,test
C:\Users\Hani Computer\deepfake_project\Data\test\real\00000016_11.png,0,real,test
C:\Users\Hani Computer\deepfake_project\Data\test\real\00000016_12.png,0,real,test
C:\Users\Hani Computer\deepfake_project\Data\test\real\00000016_13.png,0,real,test
C:\Users\Hani Computer\deepfake_project\Data\test\real\00000016_14.png,0,real,test
C:\Users\Hani Computer\deepfake_project\Data\test\real\00000016_15.png,0,real,test
C:\Users\Hani Computer\deepfake_project\Data\test\real\00000016_16.png,0,real,test
C:\Users\Hani Computer\deepfake_project\Data\test\real\00000016_17.png,0,real,test
C:\Users\Hani Computer\deepfake_project\Data\test\real\00000016_18.png,0,real,test
C:\Users\Hani Computer\deepfake_project\Data\test\real\00000016_19.png,0,real,test
C:\Users\Hani Computer\deepfake_project\Data\test\real\00000016_2.png,0,real,test
C:\Users\Hani Computer\deepfake_project\Data\test\real\00000016_20.png,0,real,test
C:\Users\Hani Computer\deepfake_project\Data\test\real\00000016_21.png,0,real,test
C:\Users\Hani Computer\deepfake_project\Data\test\real\00000016_22.png,0,real,test
C:\Users\Hani Computer\deepfake_project\Data\test\real\00000016_23.png,0,real,test
C:\Users\Hani Computer\deepfake_project\Data\test\real\00000016_24.png,0,real,test
C:\Users\Hani Computer\deepfake_project\Data\test\real\00000016_25.png,0,real,test
C:\Users\Hani Computer\deepfake_project\Data\test\real\00000016_26.png,0,real,test
C:\Users\Hani Computer\deepfake_project\Data\test\real\00000016_27.png,0,real,test
C:\Users\Hani Computer\deepfake_project\Data\test\real\00000016_28.png,0,real,test
C:\Users\Hani Computer\deepfake_project\Data\test\real\00000016_29.png,0,real,test
C:\Users\Hani Computer\deepfake_project\Data\test\real\00000016_3.png,0,real,test
C:\Users\Hani Computer\deepfake_project\Data\test\real\00000016_30.png,0,real,test
C:\Users\Hani Computer\deepfake_project\Data\test\real\00000016_31.png,0,real,test
C:\Users\Hani Computer\deepfake_project\Data\test\real\00000016_32.png,0,real,test
C:\Users\Hani Computer\deepfake_project\Data\test\real\00000016_33.png,0,real,test
C:\Users\Hani Computer\deepfake_project\Data\test\real\00000016_34.png,0,real,test
C:\Users\Hani Computer\deepfake_project\Data\test\real\00000016_35.png,0,real,test
C:\Users\Hani Computer\deepfake_project\Data\test\real\00000016_36.png,0,real,test
C:\Users\Hani Computer\deepfake_project\Data\test\real\00000016_37.png,0,real,test
C:\Users\Hani Computer\deepfake_project\Data\test\real\00000016_38.png,0,real,test
C:\Users\Hani Computer\deepfake_project\Data\test\real\00000016_39.png,0,real,test
C:\Users\Hani Computer\deepfake_project\Data\test\real\00000016_4.png,0,real,test
C:\Users\Hani Computer\deepfake_project\Data\test\real\00000016_40.png,0,real,test
C:\Users\Hani Computer\deepfake_project\Data\test\real\00000016_41.png,0,real,test
C:\Users\Hani Computer\deepfake_project\Data\test\real\00000016_42.png,0,real,test
C:\Users\Hani Computer\deepfake_project\Data\test\real\00000016_43.png,0,real,test
C:\Users\Hani Computer\deepfake_project\Data\test\real\00000016_44.png,0,real,test
C:\Users\Hani Computer\deepfake_project\Data\test\real\00000016_45.png,0,real,test
C:\Users\Hani Computer\deepfake_project\Data\test\real\00000016_46.png,0,real,test
C:\Users\Hani Computer\deepfake_project\Data\test\real\00000016_47.png,0,real,test
C:\Users\Hani Computer\deepfake_project\Data\test\real\00000016_48.png,0,real,test
C:\Users\Hani Computer\deepfake_project\Data\test\real\00000016_49.png,0,real,test
C:\Users\Hani Computer\deepfake_project\Data\test\real\00000016_5.png,0,real,test
C:\Users\Hani Computer\deepfake_project\Data\test\real\00000016_6.png,0,real,test
C:\Users\Hani Computer\deepfake_project\Data\test\real\00000016_7.png,0,real,test
C:\Users\Hani Computer\deepfake_project\Data\test\real\00000016_8.png,0,real,test
C:\Users\Hani Computer\deepfake_project\Data\test\real\00000016_9.png,0,real,test
C:\Users\Hani Computer\deepfake_project\Data\test\real\00000017.png,0,real,test
C:\Users\Hani Computer\deepfake_project\Data\test\real\00000017_1.png,0,real,test
C:\Users\Hani Computer\deepfake_project\Data\test\real\00000017_10.png,0,real,test
C:\Users\Hani Computer\deepfake_project\Data\test\real\00000017_11.png,0,real,test
C:\Users\Hani Computer\deepfake_project\Data\test\real\00000017_12.png,0,real,test
C:\Users\Hani Computer\deepfake_project\Data\test\real\00000017_13.png,0,real,test
C:\Users\Hani Computer\deepfake_project\Data\test\real\00000017_14.png,0,real,test
C:\Users\Hani Computer\deepfake_project\Data\test\real\00000017_15.png,0,real,test
C:\Users\Hani Computer\deepfake_project\Data\test\real\00000017_16.png,0,real,test
C:\Users\Hani Computer\deepfake_project\Data\test\real\00000017_17.png,0,real,test
C:\Users\Hani Computer\deepfake_project\Data\test\real\00000017_18.png,0,real,test
C:\Users\Hani Computer\deepfake_project\Data\test\real\00000017_19.png,0,real,test
C:\Users\Hani Computer\deepfake_project\Data\test\real\00000017_2.png,0,real,test
C:\Users\Hani Computer\deepfake_project\Data\test\real\00000017_20.png,0,real,test
C:\Users\Hani Computer\deepfake_project\Data\test\real\00000017_21.png,0,real,test
C:\Users\Hani Computer\deepfake_project\Data\test\real\00000017_22.png,0,real,test
C:\Users\Hani Computer\deepfake_project\Data\test\real\00000017_23.png,0,real,test
C:\Users\Hani Computer\deepfake_project\Data\test\real\00000017_24.png,0,real,test
C:\Users\Hani Computer\deepfake_project\Data\test\real\00000017_25.png,0,real,test
C:\Users\Hani Computer\deepfake_project\Data\test\real\00000017_26.png,0,real,test
C:\Users\Hani Computer\deepfake_project\Data\test\real\00000017_27.png,0,real,test
C:\Users\Hani Computer\deepfake_project\Data\test\real\00000017_28.png,0,real,test
C:\Users\Hani Computer\deepfake_project\Data\test\real\00000017_29.png,0,real,test
C:\Users\Hani Computer\deepfake_project\Data\test\real\00000017_3.png,0,real,test
C:\Users\Hani Computer\deepfake_project\Data\test\real\00000017_30.png,0,real,test
C:\Users\Hani Computer\deepfake_project\Data\test\real\00000017_31.png,0,real,test
C:\Users\Hani Computer\deepfake_project\Data\test\real\00000017_32.png,0,real,test
C:\Users\Hani Computer\deepfake_project\Data\test\real\00000017_33.png,0,real,test
C:\Users\Hani Computer\deepfake_project\Data\test\real\00000017_34.png,0,real,test
C:\Users\Hani Computer\deepfake_project\Data\test\real\00000017_35.png,0,real,test
C:\Users\Hani Computer\deepfake_project\Data\test\real\00000017_36.png,0,real,test
C:\Users\Hani Computer\deepfake_project\Data\test\real\00000017_37.png,0,real,test
C:\Users\Hani Computer\deepfake_project\Data\test\real\00000017_38.png,0,real,test
C:\Users\Hani Computer\deepfake_project\Data\test\real\00000017_39.png,0,real,test
C:\Users\Hani Computer\deepfake_project\Data\test\real\00000017_4.png,0,real,test
C:\Users\Hani Computer\deepfake_project\Data\test\real\00000017_40.png,0,real,test
C:\Users\Hani Computer\deepfake_project\Data\test\real\00000017_41.png,0,real,test
C:\Users\Hani Computer\deepfake_project\Data\test\real\00000017_42.png,0,real,test
C:\Users\Hani Computer\deepfake_project\Data\test\real\00000017_43.png,0,real,test
C:\Users\Hani Computer\deepfake_project\Data\test\real\00000017_44.png,0,real,test
C:\Users\Hani Computer\deepfake_project\Data\test\real\00000017_45.png,0,real,test
C:\Users\Hani Computer\deepfake_project\Data\test\real\00000017_46.png,0,real,test
C:\Users\Hani Computer\deepfake_project\Data\test\real\00000017_47.png,0,real,test
C:\Users\Hani Computer\deepfake_project\Data\test\real\00000017_48.png,0,real,test
C:\Users\Hani Computer\deepfake_project\Data\test\real\00000017_49.png,0,real,test
C:\Users\Hani Computer\deepfake_project\Data\test\real\00000017_5.png,0,real,test
C:\Users\Hani Computer\deepfake_project\Data\test\real\00000017_6.png,0,real,test
C:\Users\Hani Computer\deepfake_project\Data\test\real\00000017_7.png,0,real,test
C:\Users\Hani Computer\deepfake_project\Data\test\real\00000017_8.png,0,real,test
C:\Users\Hani Computer\deepfake_project\Data\test\real\00000017_9.png,0,real,test
C:\Users\Hani Computer\deepfake_project\Data\test\real\00000018.png,0,real,test
C:\Users\Hani Computer\deepfake_project\Data\test\real\00000018_1.png,0,real,test
C:\Users\Hani Computer\deepfake_project\Data\test\real\00000018_10.png,0,real,test
C:\Users\Hani Computer\deepfake_project\Data\test\real\00000018_11.png,0,real,test
C:\Users\Hani Computer\deepfake_project\Data\test\real\00000018_12.png,0,real,test
C:\Users\Hani Computer\deepfake_project\Data\test\real\00000018_13.png,0,real,test
C:\Users\Hani Computer\deepfake_project\Data\test\real\00000018_14.png,0,real,test
C:\Users\Hani Computer\deepfake_project\Data\test\real\00000018_15.png,0,real,test
C:\Users\Hani Computer\deepfake_project\Data\test\real\00000018_16.png,0,real,test
C:\Users\Hani Computer\deepfake_project\Data\test\real\00000018_17.png,0,real,test
C:\Users\Hani Computer\deepfake_project\Data\test\real\00000018_18.png,0,real,test
C:\Users\Hani Computer\deepfake_project\Data\test\real\00000018_19.png,0,real,test
C:\Users\Hani Computer\deepfake_project\Data\test\real\00000018_2.png,0,real,test
C:\Users\Hani Computer\deepfake_project\Data\test\real\00000018_20.png,0,real,test
C:\Users\Hani Computer\deepfake_project\Data\test\real\00000018_21.png,0,real,test
C:\Users\Hani Computer\deepfake_project\Data\test\real\00000018_22.png,0,real,test
C:\Users\Hani Computer\deepfake_project\Data\test\real\00000018_23.png,0,real,test
C:\Users\Hani Computer\deepfake_project\Data\test\real\00000018_24.png,0,real,test
C:\Users\Hani Computer\deepfake_project\Data\test\real\00000018_25.png,0,real,test
C:\Users\Hani Computer\deepfake_project\Data\test\real\00000018_26.png,0,real,test
C:\Users\Hani Computer\deepfake_project\Data\test\real\00000018_27.png,0,real,test
C:\Users\Hani Computer\deepfake_project\Data\test\real\00000018_28.png,0,real,test
C:\Users\Hani Computer\deepfake_project\Data\test\real\00000018_29.png,0,real,test
C:\Users\Hani Computer\deepfake_project\Data\test\real\00000018_3.png,0,real,test
C:\Users\Hani Computer\deepfake_project\Data\test\real\00000018_30.png,0,real,test
C:\Users\Hani Computer\deepfake_project\Data\test\real\00000018_31.png,0,real,test
C:\Users\Hani Computer\deepfake_project\Data\test\real\00000018_32.png,0,real,test
C:\Users\Hani Computer\deepfake_project\Data\test\real\00000018_33.png,0,real,test
C:\Users\Hani Computer\deepfake_project\Data\test\real\00000018_34.png,0,real,test
C:\Users\Hani Computer\deepfake_project\Data\test\real\00000018_35.png,0,real,test
C:\Users\Hani Computer\deepfake_project\Data\test\real\00000018_36.png,0,real,test
C:\Users\Hani Computer\deepfake_project\Data\test\real\00000018_37.png,0,real,test
C:\Users\Hani Computer\deepfake_project\Data\test\real\00000018_38.png,0,real,test
C:\Users\Hani Computer\deepfake_project\Data\test\real\00000018_39.png,0,real,test
C:\Users\Hani Computer\deepfake_project\Data\test\real\00000018_4.png,0,real,test
C:\Users\Hani Computer\deepfake_project\Data\test\real\00000018_40.png,0,real,test
C:\Users\Hani Computer\deepfake_project\Data\test\real\00000018_41.png,0,real,test
C:\Users\Hani Computer\deepfake_project\Data\test\real\00000018_42.png,0,real,test
C:\Users\Hani Computer\deepfake_project\Data\test\real\00000018_43.png,0,real,test
C:\Users\Hani Computer\deepfake_project\Data\test\real\00000018_44.png,0,real,test
C:\Users\Hani Computer\deepfake_project\Data\test\real\00000018_45.png,0,real,test
C:\Users\Hani Computer\deepfake_project\Data\test\real\00000018_46.png,0,real,test
C:\Users\Hani Computer\deepfake_project\Data\test\real\00000018_47.png,0,real,test
C:\Users\Hani Computer\deepfake_project\Data\test\real\00000018_48.png,0,real,test
C:\Users\Hani Computer\deepfake_project\Data\test\real\00000018_49.png,0,real,test
C:\Users\Hani Computer\deepfake_project\Data\test\real\00000018_5.png,0,real,test
C:\Users\Hani Computer\deepfake_project\Data\test\real\00000018_6.png,0,real,test
C:\Users\Hani Computer\deepfake_project\Data\test\real\00000018_7.png,0,real,test
C:\Users\Hani Computer\deepfake_project\Data\test\real\00000018_8.png,0,real,test
C:\Users\Hani Computer\deepfake_project\Data\test\real\00000018_9.png,0,real,test
C:\Users\Hani Computer\deepfake_project\Data\test\real\00000019.png,0,real,test
C:\Users\Hani Computer\deepfake_project\Data\test\real\00000019_1.png,0,real,test
C:\Users\Hani Computer\deepfake_project\Data\test\real\00000019_10.png,0,real,test
C:\Users\Hani Computer\deepfake_project\Data\test\real\00000019_11.png,0,real,test
C:\Users\Hani Computer\deepfake_project\Data\test\real\00000019_12.png,0,real,test
C:\Users\Hani Computer\deepfake_project\Data\test\real\00000019_13.png,0,real,test
C:\Users\Hani Computer\deepfake_project\Data\test\real\00000019_14.png,0,real,test
C:\Users\Hani Computer\deepfake_project\Data\test\real\00000019_15.png,0,real,test
C:\Users\Hani Computer\deepfake_project\Data\test\real\00000019_16.png,0,real,test
C:\Users\Hani Computer\deepfake_project\Data\test\real\00000019_17.png,0,real,test
C:\Users\Hani Computer\deepfake_project\Data\test\real\00000019_18.png,0,real,test
C:\Users\Hani Computer\deepfake_project\Data\test\real\00000019_19.png,0,real,test
C:\Users\Hani Computer\deepfake_project\Data\test\real\00000019_2.png,0,real,test
C:\Users\Hani Computer\deepfake_project\Data\test\real\00000019_20.png,0,real,test
C:\Users\Hani Computer\deepfake_project\Data\test\real\00000019_21.png,0,real,test
C:\Users\Hani Computer\deepfake_project\Data\test\real\00000019_22.png,0,real,test
C:\Users\Hani Computer\deepfake_project\Data\test\real\00000019_23.png,0,real,test
C:\Users\Hani Computer\deepfake_project\Data\test\real\00000019_24.png,0,real,test
C:\Users\Hani Computer\deepfake_project\Data\test\real\00000019_25.png,0,real,test
C:\Users\Hani Computer\deepfake_project\Data\test\real\00000019_26.png,0,real,test
C:\Users\Hani Computer\deepfake_project\Data\test\real\00000019_27.png,0,real,test
C:\Users\Hani Computer\deepfake_project\Data\test\real\00000019_28.png,0,real,test
C:\Users\Hani Computer\deepfake_project\Data\test\real\00000019_29.png,0,real,test
C:\Users\Hani Computer\deepfake_project\Data\test\real\00000019_3.png,0,real,test
C:\Users\Hani Computer\deepfake_project\Data\test\real\00000019_30.png,0,real,test
C:\Users\Hani Computer\deepfake_project\Data\test\real\00000019_31.png,0,real,test
C:\Users\Hani Computer\deepfake_project\Data\test\real\00000019_32.png,0,real,test
C:\Users\Hani Computer\deepfake_project\Data\test\real\00000019_33.png,0,real,test
C:\Users\Hani Computer\deepfake_project\Data\test\real\00000019_34.png,0,real,test
C:\Users\Hani Computer\deepfake_project\Data\test\real\00000019_35.png,0,real,test
C:\Users\Hani Computer\deepfake_project\Data\test\real\00000019_36.png,0,real,test
C:\Users\Hani Computer\deepfake_project\Data\test\real\00000019_37.png,0,real,test
C:\Users\Hani Computer\deepfake_project\Data\test\real\00000019_38.png,0,real,test
C:\Users\Hani Computer\deepfake_project\Data\test\real\00000019_39.png,0,real,test
C:\Users\Hani Computer\deepfake_project\Data\test\real\00000019_4.png,0,real,test
C:\Users\Hani Computer\deepfake_project\Data\test\real\00000019_40.png,0,real,test
C:\Users\Hani Computer\deepfake_project\Data\test\real\00000019_41.png,0,real,test
C:\Users\Hani Computer\deepfake_project\Data\test\real\00000019_42.png,0,real,test
C:\Users\Hani Computer\deepfake_project\Data\test\real\00000019_43.png,0,real,test
C:\Users\Hani Computer\deepfake_project\Data\test\real\00000019_44.png,0,real,test
C:\Users\Hani Computer\deepfake_project\Data\test\real\00000019_45.png,0,real,test
C:\Users\Hani Computer\deepfake_project\Data\test\real\00000019_46.png,0,real,test
C:\Users\Hani Computer\deepfake_project\Data\test\real\00000019_47.png,0,real,test
C:\Users\Hani Computer\deepfake_project\Data\test\real\00000019_48.png,0,real,test
C:\Users\Hani Computer\deepfake_project\Data\test\real\00000019_49.png,0,real,test
C:\Users\Hani Computer\deepfake_project\Data\test\real\00000019_5.png,0,real,test
C:\Users\Hani Computer\deepfake_project\Data\test\real\00000019_6.png,0,real,test
C:\Users\Hani Computer\deepfake_project\Data\test\real\00000019_7.png,0,real,test
C:\Users\Hani Computer\deepfake_project\Data\test\real\00000019_8.png,0,real,test
C:\Users\Hani Computer\deepfake_project\Data\test\real\00000019_9.png,0,real,test
C:\Users\Hani Computer\deepfake_project\Data\test\real\00000020.png,0,real,test
C:\Users\Hani Computer\deepfake_project\Data\test\real\00000020_1.png,0,real,test
C:\Users\Hani Computer\deepfake_project\Data\test\real\00000020_10.png,0,real,test
C:\Users\Hani Computer\deepfake_project\Data\test\real\00000020_11.png,0,real,test
C:\Users\Hani Computer\deepfake_project\Data\test\real\00000020_12.png,0,real,test
C:\Users\Hani Computer\deepfake_project\Data\test\real\00000020_13.png,0,real,test
C:\Users\Hani Computer\deepfake_project\Data\test\real\00000020_14.png,0,real,test
C:\Users\Hani Computer\deepfake_project\Data\test\real\00000020_15.png,0,real,test
C:\Users\Hani Computer\deepfake_project\Data\test\real\00000020_16.png,0,real,test
C:\Users\Hani Computer\deepfake_project\Data\test\real\00000020_17.png,0,real,test
C:\Users\Hani Computer\deepfake_project\Data\test\real\00000020_18.png,0,real,test
C:\Users\Hani Computer\deepfake_project\Data\test\real\00000020_19.png,0,real,test
C:\Users\Hani Computer\deepfake_project\Data\test\real\00000020_2.png,0,real,test
C:\Users\Hani Computer\deepfake_project\Data\test\real\00000020_20.png,0,real,test
C:\Users\Hani Computer\deepfake_project\Data\test\real\00000020_21.png,0,real,test
C:\Users\Hani Computer\deepfake_project\Data\test\real\00000020_22.png,0,real,test
C:\Users\Hani Computer\deepfake_project\Data\test\real\00000020_23.png,0,real,test
C:\Users\Hani Computer\deepfake_project\Data\test\real\00000020_24.png,0,real,test
C:\Users\Hani Computer\deepfake_project\Data\test\real\00000020_25.png,0,real,test
C:\Users\Hani Computer\deepfake_project\Data\test\real\00000020_26.png,0,real,test
C:\Users\Hani Computer\deepfake_project\Data\test\real\00000020_27.png,0,real,test
C:\Users\Hani Computer\deepfake_project\Data\test\real\00000020_28.png,0,real,test
C:\Users\Hani Computer\deepfake_project\Data\test\real\00000020_29.png,0,real,test
C:\Users\Hani Computer\deepfake_project\Data\test\real\00000020_3.png,0,real,test
C:\Users\Hani Computer\deepfake_project\Data\test\real\00000020_30.png,0,real,test
C:\Users\Hani Computer\deepfake_project\Data\test\real\00000020_31.png,0,real,test
C:\Users\Hani Computer\deepfake_project\Data\test\real\00000020_32.png,0,real,test
C:\Users\Hani Computer\deepfake_project\Data\test\real\00000020_33.png,0,real,test
C:\Users\Hani Computer\deepfake_project\Data\test\real\00000020_34.png,0,real,test
C:\Users\Hani Computer\deepfake_project\Data\test\real\00000020_35.png,0,real,test
C:\Users\Hani Computer\deepfake_project\Data\test\real\00000020_36.png,0,real,test
C:\Users\Hani Computer\deepfake_project\Data\test\real\00000020_37.png,0,real,test
C:\Users\Hani Computer\deepfake_project\Data\test\real\00000020_38.png,0,real,test
C:\Users\Hani Computer\deepfake_project\Data\test\real\00000020_39.png,0,real,test
C:\Users\Hani Computer\deepfake_project\Data\test\real\00000020_4.png,0,real,test
C:\Users\Hani Computer\deepfake_project\Data\test\real\00000020_40.png,0,real,test
C:\Users\Hani Computer\deepfake_project\Data\test\real\00000020_41.png,0,real,test
C:\Users\Hani Computer\deepfake_project\Data\test\real\00000020_42.png,0,real,test
C:\Users\Hani Computer\deepfake_project\Data\test\real\00000020_43.png,0,real,test
C:\Users\Hani Computer\deepfake_project\Data\test\real\00000020_44.png,0,real,test
C:\Users\Hani Computer\deepfake_project\Data\test\real\00000020_45.png,0,real,test
C:\Users\Hani Computer\deepfake_project\Data\test\real\00000020_46.png,0,real,test
C:\Users\Hani Computer\deepfake_project\Data\test\real\00000020_47.png,0,real,test
C:\Users\Hani Computer\deepfake_project\Data\test\real\00000020_48.png,0,real,test
C:\Users\Hani Computer\deepfake_project\Data\test\real\00000020_49.png,0,real,test
C:\Users\Hani Computer\deepfake_project\Data\test\real\00000020_5.png,0,real,test
C:\Users\Hani Computer\deepfake_project\Data\test\real\00000020_6.png,0,real,test
C:\Users\Hani Computer\deepfake_project\Data\test\real\00000020_7.png,0,real,test
C:\Users\Hani Computer\deepfake_project\Data\test\real\00000020_8.png,0,real,test
C:\Users\Hani Computer\deepfake_project\Data\test\real\00000020_9.png,0,real,test
C:\Users\Hani Computer\deepfake_project\Data\test\real\00000021.png,0,real,test
C:\Users\Hani Computer\deepfake_project\Data\test\real\00000021_1.png,0,real,test
C:\Users\Hani Computer\deepfake_project\Data\test\real\00000021_10.png,0,real,test
C:\Users\Hani Computer\deepfake_project\Data\test\real\00000021_11.png,0,real,test
C:\Users\Hani Computer\deepfake_project\Data\test\real\00000021_12.png,0,real,test
C:\Users\Hani Computer\deepfake_project\Data\test\real\00000021_13.png,0,real,test
C:\Users\Hani Computer\deepfake_project\Data\test\real\00000021_14.png,0,real,test
C:\Users\Hani Computer\deepfake_project\Data\test\real\00000021_15.png,0,real,test
C:\Users\Hani Computer\deepfake_project\Data\test\real\00000021_16.png,0,real,test
C:\Users\Hani Computer\deepfake_project\Data\test\real\00000021_17.png,0,real,test
C:\Users\Hani Computer\deepfake_project\Data\test\real\00000021_18.png,0,real,test
C:\Users\Hani Computer\deepfake_project\Data\test\real\00000021_19.png,0,real,test
C:\Users\Hani Computer\deepfake_project\Data\test\real\00000021_2.png,0,real,test
C:\Users\Hani Computer\deepfake_project\Data\test\real\00000021_20.png,0,real,test
C:\Users\Hani Computer\deepfake_project\Data\test\real\00000021_21.png,0,real,test
C:\Users\Hani Computer\deepfake_project\Data\test\real\00000021_22.png,0,real,test
C:\Users\Hani Computer\deepfake_project\Data\test\real\00000021_23.png,0,real,test
C:\Users\Hani Computer\deepfake_project\Data\test\real\00000021_24.png,0,real,test
C:\Users\Hani Computer\deepfake_project\Data\test\real\00000021_25.png,0,real,test
C:\Users\Hani Computer\deepfake_project\Data\test\real\00000021_26.png,0,real,test
C:\Users\Hani Computer\deepfake_project\Data\test\real\00000021_27.png,0,real,test
C:\Users\Hani Computer\deepfake_project\Data\test\real\00000021_28.png,0,real,test
C:\Users\Hani Computer\deepfake_project\Data\test\real\00000021_29.png,0,real,test
C:\Users\Hani Computer\deepfake_project\Data\test\real\00000021_3.png,0,real,test
C:\Users\Hani Computer\deepfake_project\Data\test\real\00000021_30.png,0,real,test
C:\Users\Hani Computer\deepfake_project\Data\test\real\00000021_31.png,0,real,test
C:\Users\Hani Computer\deepfake_project\Data\test\real\00000021_32.png,0,real,test
C:\Users\Hani Computer\deepfake_project\Data\test\real\00000021_33.png,0,real,test
C:\Users\Hani Computer\deepfake_project\Data\test\real\00000021_34.png,0,real,test
C:\Users\Hani Computer\deepfake_project\Data\test\real\00000021_35.png,0,real,test
C:\Users\Hani Computer\deepfake_project\Data\test\real\00000021_36.png,0,real,test
C:\Users\Hani Computer\deepfake_project\Data\test\real\00000021_37.png,0,real,test
C:\Users\Hani Computer\deepfake_project\Data\test\real\00000021_38.png,0,real,test
C:\Users\Hani Computer\deepfake_project\Data\test\real\00000021_39.png,0,real,test
C:\Users\Hani Computer\deepfake_project\Data\test\real\00000021_4.png,0,real,test
C:\Users\Hani Computer\deepfake_project\Data\test\real\00000021_40.png,0,real,test
C:\Users\Hani Computer\deepfake_project\Data\test\real\00000021_41.png,0,real,test
C:\Users\Hani Computer\deepfake_project\Data\test\real\00000021_42.png,0,real,test
C:\Users\Hani Computer\deepfake_project\Data\test\real\00000021_43.png,0,real,test
C:\Users\Hani Computer\deepfake_project\Data\test\real\00000021_44.png,0,real,test
C:\Users\Hani Computer\deepfake_project\Data\test\real\00000021_45.png,0,real,test
C:\Users\Hani Computer\deepfake_project\Data\test\real\00000021_46.png,0,real,test
C:\Users\Hani Computer\deepfake_project\Data\test\real\00000021_47.png,0,real,test
C:\Users\Hani Computer\deepfake_project\Data\test\real\00000021_48.png,0,real,test
C:\Users\Hani Computer\deepfake_project\Data\test\real\00000021_49.png,0,real,test
C:\Users\Hani Computer\deepfake_project\Data\test\real\00000021_5.png,0,real,test
C:\Users\Hani Computer\deepfake_project\Data\test\real\00000021_6.png,0,real,test
C:\Users\Hani Computer\deepfake_project\Data\test\real\00000021_7.png,0,real,test
C:\Users\Hani Computer\deepfake_project\Data\test\real\00000021_8.png,0,real,test
C:\Users\Hani Computer\deepfake_project\Data\test\real\00000021_9.png,0,real,test
C:\Users\Hani Computer\deepfake_project\Data\test\real\00000022.png,0,real,test
C:\Users\Hani Computer\deepfake_project\Data\test\real\00000022_1.png,0,real,test
C:\Users\Hani Computer\deepfake_project\Data\test\real\00000022_10.png,0,real,test
C:\Users\Hani Computer\deepfake_project\Data\test\real\00000022_11.png,0,real,test
C:\Users\Hani Computer\deepfake_project\Data\test\real\00000022_12.png,0,real,test
C:\Users\Hani Computer\deepfake_project\Data\test\real\00000022_13.png,0,real,test
C:\Users\Hani Computer\deepfake_project\Data\test\real\00000022_14.png,0,real,test
C:\Users\Hani Computer\deepfake_project\Data\test\real\00000022_15.png,0,real,test
C:\Users\Hani Computer\deepfake_project\Data\test\real\00000022_16.png,0,real,test
C:\Users\Hani Computer\deepfake_project\Data\test\real\00000022_17.png,0,real,test
C:\Users\Hani Computer\deepfake_project\Data\test\real\00000022_18.png,0,real,test
C:\Users\Hani Computer\deepfake_project\Data\test\real\00000022_19.png,0,real,test
C:\Users\Hani Computer\deepfake_project\Data\test\real\00000022_2.png,0,real,test
C:\Users\Hani Computer\deepfake_project\Data\test\real\00000022_20.png,0,real,test
C:\Users\Hani Computer\deepfake_project\Data\test\real\00000022_21.png,0,real,test
C:\Users\Hani Computer\deepfake_project\Data\test\real\00000022_22.png,0,real,test
C:\Users\Hani Computer\deepfake_project\Data\test\real\00000022_23.png,0,real,test
C:\Users\Hani Computer\deepfake_project\Data\test\real\00000022_24.png,0,real,test
C:\Users\Hani Computer\deepfake_project\Data\test\real\00000022_25.png,0,real,test
C:\Users\Hani Computer\deepfake_project\Data\test\real\00000022_26.png,0,real,test
C:\Users\Hani Computer\deepfake_project\Data\test\real\00000022_27.png,0,real,test
C:\Users\Hani Computer\deepfake_project\Data\test\real\00000022_28.png,0,real,test
C:\Users\Hani Computer\deepfake_project\Data\test\real\00000022_29.png,0,real,test
C:\Users\Hani Computer\deepfake_project\Data\test\real\00000022_3.png,0,real,test
C:\Users\Hani Computer\deepfake_project\Data\test\real\00000022_30.png,0,real,test
C:\Users\Hani Computer\deepfake_project\Data\test\real\00000022_31.png,0,real,test
C:\Users\Hani Computer\deepfake_project\Data\test\real\00000022_32.png,0,real,test
C:\Users\Hani Computer\deepfake_project\Data\test\real\00000022_33.png,0,real,test
C:\Users\Hani Computer\deepfake_project\Data\test\real\00000022_34.png,0,real,test
C:\Users\Hani Computer\deepfake_project\Data\test\real\00000022_35.png,0,real,test
C:\Users\Hani Computer\deepfake_project\Data\test\real\00000022_36.png,0,real,test
C:\Users\Hani Computer\deepfake_project\Data\test\real\00000022_37.png,0,real,test
C:\Users\Hani Computer\deepfake_project\Data\test\real\00000022_38.png,0,real,test
C:\Users\Hani Computer\deepfake_project\Data\test\real\00000022_39.png,0,real,test
C:\Users\Hani Computer\deepfake_project\Data\test\real\00000022_4.png,0,real,test
C:\Users\Hani Computer\deepfake_project\Data\test\real\00000022_40.png,0,real,test
C:\Users\Hani Computer\deepfake_project\Data\test\real\00000022_41.png,0,real,test
C:\Users\Hani Computer\deepfake_project\Data\test\real\00000022_42.png,0,real,test
C:\Users\Hani Computer\deepfake_project\Data\test\real\00000022_43.png,0,real,test
C:\Users\Hani Computer\deepfake_project\Data\test\real\00000022_44.png,0,real,test
C:\Users\Hani Computer\deepfake_project\Data\test\real\00000022_45.png,0,real,test
C:\Users\Hani Computer\deepfake_project\Data\test\real\00000022_46.png,0,real,test
C:\Users\Hani Computer\deepfake_project\Data\test\real\00000022_47.png,0,real,test
C:\Users\Hani Computer\deepfake_project\Data\test\real\00000022_48.png,0,real,test
C:\Users\Hani Computer\deepfake_project\Data\test\real\00000022_49.png,0,real,test
C:\Users\Hani Computer\deepfake_project\Data\test\real\00000022_5.png,0,real,test
C:\Users\Hani Computer\deepfake_project\Data\test\real\00000022_6.png,0,real,test
C:\Users\Hani Computer\deepfake_project\Data\test\real\00000022_7.png,0,real,test
C:\Users\Hani Computer\deepfake_project\Data\test\real\00000022_8.png,0,real,test
C:\Users\Hani Computer\deepfake_project\Data\test\real\00000022_9.png,0,real,test
C:\Users\Hani Computer\deepfake_project\Data\test\real\00000023.png,0,real,test
C:\Users\Hani Computer\deepfake_project\Data\test\real\00000023_1.png,0,real,test
C:\Users\Hani Computer\deepfake_project\Data\test\real\00000023_10.png,0,real,test
C:\Users\Hani Computer\deepfake_project\Data\test\real\00000023_11.png,0,real,test
C:\Users\Hani Computer\deepfake_project\Data\test\real\00000023_12.png,0,real,test
C:\Users\Hani Computer\deepfake_project\Data\test\real\00000023_13.png,0,real,test
C:\Users\Hani Computer\deepfake_project\Data\test\real\00000023_14.png,0,real,test
C:\Users\Hani Computer\deepfake_project\Data\test\real\00000023_15.png,0,real,test
C:\Users\Hani Computer\deepfake_project\Data\test\real\00000023_16.png,0,real,test
C:\Users\Hani Computer\deepfake_project\Data\test\real\00000023_17.png,0,real,test
C:\Users\Hani Computer\deepfake_project\Data\test\real\00000023_18.png,0,real,test
C:\Users\Hani Computer\deepfake_project\Data\test\real\00000023_19.png,0,real,test
C:\Users\Hani Computer\deepfake_project\Data\test\real\00000023_2.png,0,real,test
C:\Users\Hani Computer\deepfake_project\Data\test\real\00000023_20.png,0,real,test
C:\Users\Hani Computer\deepfake_project\Data\test\real\00000023_21.png,0,real,test
C:\Users\Hani Computer\deepfake_project\Data\test\real\00000023_22.png,0,real,test
C:\Users\Hani Computer\deepfake_project\Data\test\real\00000023_23.png,0,real,test
C:\Users\Hani Computer\deepfake_project\Data\test\real\00000023_24.png,0,real,test
C:\Users\Hani Computer\deepfake_project\Data\test\real\00000023_25.png,0,real,test
C:\Users\Hani Computer\deepfake_project\Data\test\real\00000023_26.png,0,real,test
C:\Users\Hani Computer\deepfake_project\Data\test\real\00000023_27.png,0,real,test
C:\Users\Hani Computer\deepfake_project\Data\test\real\00000023_28.png,0,real,test
C:\Users\Hani Computer\deepfake_project\Data\test\real\00000023_29.png,0,real,test
C:\Users\Hani Computer\deepfake_project\Data\test\real\00000023_3.png,0,real,test
C:\Users\Hani Computer\deepfake_project\Data\test\real\00000023_30.png,0,real,test
C:\Users\Hani Computer\deepfake_project\Data\test\real\00000023_31.png,0,real,test
C:\Users\Hani Computer\deepfake_project\Data\test\real\00000023_32.png,0,real,test
C:\Users\Hani Computer\deepfake_project\Data\test\real\00000023_33.png,0,real,test
C:\Users\Hani Computer\deepfake_project\Data\test\real\00000023_34.png,0,real,test
C:\Users\Hani Computer\deepfake_project\Data\test\real\00000023_35.png,0,real,test
C:\Users\Hani Computer\deepfake_project\Data\test\real\00000023_36.png,0,real,test
C:\Users\Hani Computer\deepfake_project\Data\test\real\00000023_37.png,0,real,test
C:\Users\Hani Computer\deepfake_project\Data\test\real\00000023_38.png,0,real,test
C:\Users\Hani Computer\deepfake_project\Data\test\real\00000023_39.png,0,real,test
C:\Users\Hani Computer\deepfake_project\Data\test\real\00000023_4.png,0,real,test
C:\Users\Hani Computer\deepfake_project\Data\test\real\00000023_40.png,0,real,test
C:\Users\Hani Computer\deepfake_project\Data\test\real\00000023_41.png,0,real,test
C:\Users\Hani Computer\deepfake_project\Data\test\real\00000023_42.png,0,real,test
C:\Users\Hani Computer\deepfake_project\Data\test\real\00000023_43.png,0,real,test
C:\Users\Hani Computer\deepfake_project\Data\test\real\00000023_44.png,0,real,test
C:\Users\Hani Computer\deepfake_project\Data\test\real\00000023_45.png,0,real,test
C:\Users\Hani Computer\deepfake_project\Data\test\real\00000023_46.png,0,real,test
C:\Users\Hani Computer\deepfake_project\Data\test\real\00000023_47.png,0,real,test
C:\Users\Hani Computer\deepfake_project\Data\test\real\00000023_48.png,0,real,test
C:\Users\Hani Computer\deepfake_project\Data\test\real\00000023_49.png,0,real,test
C:\Users\Hani Computer\deepfake_project\Data\test\real\00000023_5.png,0,real,test
C:\Users\Hani Computer\deepfake_project\Data\test\real\00000023_6.png,0,real,test
C:\Users\Hani Computer\deepfake_project\Data\test\real\00000023_7.png,0,real,test
C:\Users\Hani Computer\deepfake_project\Data\test\real\00000023_8.png,0,real,test
C:\Users\Hani Computer\deepfake_project\Data\test\real\00000023_9.png,0,real,test
C:\Users\Hani Computer\deepfake_project\Data\test\real\00000024.png,0,real,test
C:\Users\Hani Computer\deepfake_project\Data\test\real\00000024_1.png,0,real,test
C:\Users\Hani Computer\deepfake_project\Data\test\real\00000024_10.png,0,real,test
C:\Users\Hani Computer\deepfake_project\Data\test\real\00000024_11.png,0,real,test
C:\Users\Hani Computer\deepfake_project\Data\test\real\00000024_12.png,0,real,test
C:\Users\Hani Computer\deepfake_project\Data\test\real\00000024_13.png,0,real,test
C:\Users\Hani Computer\deepfake_project\Data\test\real\00000024_14.png,0,real,test
C:\Users\Hani Computer\deepfake_project\Data\test\real\00000024_15.png,0,real,test
C:\Users\Hani Computer\deepfake_project\Data\test\real\00000024_16.png,0,real,test
C:\Users\Hani Computer\deepfake_project\Data\test\real\00000024_17.png,0,real,test
C:\Users\Hani Computer\deepfake_project\Data\test\real\00000024_18.png,0,real,test
C:\Users\Hani Computer\deepfake_project\Data\test\real\00000024_19.png,0,real,test
C:\Users\Hani Computer\deepfake_project\Data\test\real\00000024_2.png,0,real,test
C:\Users\Hani Computer\deepfake_project\Data\test\real\00000024_20.png,0,real,test
C:\Users\Hani Computer\deepfake_project\Data\test\real\00000024_21.png,0,real,test
C:\Users\Hani Computer\deepfake_project\Data\test\real\00000024_22.png,0,real,test
C:\Users\Hani Computer\deepfake_project\Data\test\real\00000024_23.png,0,real,test
C:\Users\Hani Computer\deepfake_project\Data\test\real\00000024_24.png,0,real,test
C:\Users\Hani Computer\deepfake_project\Data\test\real\00000024_25.png,0,real,test
C:\Users\Hani Computer\deepfake_project\Data\test\real\00000024_26.png,0,real,test
C:\Users\Hani Computer\deepfake_project\Data\test\real\00000024_27.png,0,real,test
C:\Users\Hani Computer\deepfake_project\Data\test\real\00000024_28.png,0,real,test
C:\Users\Hani Computer\deepfake_project\Data\test\real\00000024_29.png,0,real,test
C:\Users\Hani Computer\deepfake_project\Data\test\real\00000024_3.png,0,real,test
C:\Users\Hani Computer\deepfake_project\Data\test\real\00000024_30.png,0,real,test
C:\Users\Hani Computer\deepfake_project\Data\test\real\00000024_31.png,0,real,test
C:\Users\Hani Computer\deepfake_project\Data\test\real\00000024_32.png,0,real,test
C:\Users\Hani Computer\deepfake_project\Data\test\real\00000024_33.png,0,real,test
C:\Users\Hani Computer\deepfake_project\Data\test\real\00000024_34.png,0,real,test
C:\Users\Hani Computer\deepfake_project\Data\test\real\00000024_35.png,0,real,test
C:\Users\Hani Computer\deepfake_project\Data\test\real\00000024_36.png,0,real,test
C:\Users\Hani Computer\deepfake_project\Data\test\real\00000024_37.png,0,real,test
C:\Users\Hani Computer\deepfake_project\Data\test\real\00000024_38.png,0,real,test
C:\Users\Hani Computer\deepfake_project\Data\test\real\00000024_39.png,0,real,test
C:\Users\Hani Computer\deepfake_project\Data\test\real\00000024_4.png,0,real,test
C:\Users\Hani Computer\deepfake_project\Data\test\real\00000024_40.png,0,real,test
C:\Users\Hani Computer\deepfake_project\Data\test\real\00000024_41.png,0,real,test
C:\Users\Hani Computer\deepfake_project\Data\test\real\00000024_42.png,0,real,test
C:\Users\Hani Computer\deepfake_project\Data\test\real\00000024_43.png,0,real,test
C:\Users\Hani Computer\deepfake_project\Data\test\real\00000024_44.png,0,real,test
C:\Users\Hani Computer\deepfake_project\Data\test\real\00000024_45.png,0,real,test
C:\Users\Hani Computer\deepfake_project\Data\test\real\00000024_46.png,0,real,test
C:\Users\Hani Computer\deepfake_project\Data\test\real\00000024_47.png,0,real,test
C:\Users\Hani Computer\deepfake_project\Data\test\real\00000024_48.png,0,real,test
C:\Users\Hani Computer\deepfake_project\Data\test\real\00000024_49.png,0,real,test
C:\Users\Hani Computer\deepfake_project\Data\test\real\00000024_5.png,0,real,test
C:\Users\Hani Computer\deepfake_project\Data\test\real\00000024_6.png,0,real,test
C:\Users\Hani Computer\deepfake_project\Data\test\real\00000024_7.png,0,real,test
C:\Users\Hani Computer\deepfake_project\Data\test\real\00000024_8.png,0,real,test
C:\Users\Hani Computer\deepfake_project\Data\test\real\00000024_9.png,0,real,test
C:\Users\Hani Computer\deepfake_project\Data\test\real\00000025.png,0,real,test
C:\Users\Hani Computer\deepfake_project\Data\test\real\00000025_1.png,0,real,test
C:\Users\Hani Computer\deepfake_project\Data\test\real\00000025_10.png,0,real,test
C:\Users\Hani Computer\deepfake_project\Data\test\real\00000025_11.png,0,real,test
C:\Users\Hani Computer\deepfake_project\Data\test\real\00000025_12.png,0,real,test
C:\Users\Hani Computer\deepfake_project\Data\test\real\00000025_13.png,0,real,test
C:\Users\Hani Computer\deepfake_project\Data\test\real\00000025_14.png,0,real,test
C:\Users\Hani Computer\deepfake_project\Data\test\real\00000025_15.png,0,real,test
C:\Users\Hani Computer\deepfake_project\Data\test\real\00000025_16.png,0,real,test
C:\Users\Hani Computer\deepfake_project\Data\test\real\00000025_17.png,0,real,test
C:\Users\Hani Computer\deepfake_project\Data\test\real\00000025_18.png,0,real,test
C:\Users\Hani Computer\deepfake_project\Data\test\real\00000025_19.png,0,real,test
C:\Users\Hani Computer\deepfake_project\Data\test\real\00000025_2.png,0,real,test
C:\Users\Hani Computer\deepfake_project\Data\test\real\00000025_20.png,0,real,test
C:\Users\Hani Computer\deepfake_project\Data\test\real\00000025_21.png,0,real,test
C:\Users\Hani Computer\deepfake_project\Data\test\real\00000025_22.png,0,real,test
C:\Users\Hani Computer\deepfake_project\Data\test\real\00000025_23.png,0,real,test
C:\Users\Hani Computer\deepfake_project\Data\test\real\00000025_24.png,0,real,test
C:\Users\Hani Computer\deepfake_project\Data\test\real\00000025_25.png,0,real,test
C:\Users\Hani Computer\deepfake_project\Data\test\real\00000025_26.png,0,real,test
C:\Users\Hani Computer\deepfake_project\Data\test\real\00000025_27.png,0,real,test
C:\Users\Hani Computer\deepfake_project\Data\test\real\00000025_28.png,0,real,test
C:\Users\Hani Computer\deepfake_project\Data\test\real\00000025_29.png,0,real,test
C:\Users\Hani Computer\deepfake_project\Data\test\real\00000025_3.png,0,real,test
C:\Users\Hani Computer\deepfake_project\Data\test\real\00000025_30.png,0,real,test
C:\Users\Hani Computer\deepfake_project\Data\test\real\00000025_31.png,0,real,test
C:\Users\Hani Computer\deepfake_project\Data\test\real\00000025_32.png,0,real,test
C:\Users\Hani Computer\deepfake_project\Data\test\real\00000025_33.png,0,real,test
C:\Users\Hani Computer\deepfake_project\Data\test\real\00000025_34.png,0,real,test
C:\Users\Hani Computer\deepfake_project\Data\test\real\00000025_35.png,0,real,test
C:\Users\Hani Computer\deepfake_project\Data\test\real\00000025_36.png,0,real,test
C:\Users\Hani Computer\deepfake_project\Data\test\real\00000025_37.png,0,real,test
C:\Users\Hani Computer\deepfake_project\Data\test\real\00000025_38.png,0,real,test
C:\Users\Hani Computer\deepfake_project\Data\test\real\00000025_39.png,0,real,test
C:\Users\Hani Computer\deepfake_project\Data\test\real\00000025_4.png,0,real,test
C:\Users\Hani Computer\deepfake_project\Data\test\real\00000025_40.png,0,real,test
C:\Users\Hani Computer\deepfake_project\Data\test\real\00000025_41.png,0,real,test
C:\Users\Hani Computer\deepfake_project\Data\test\real\00000025_42.png,0,real,test
C:\Users\Hani Computer\deepfake_project\Data\test\real\00000025_43.png,0,real,test
C:\Users\Hani Computer\deepfake_project\Data\test\real\00000025_44.png,0,real,test
C:\Users\Hani Computer\deepfake_project\Data\test\real\00000025_45.png,0,real,test
C:\Users\Hani Computer\deepfake_project\Data\test\real\00000025_46.png,0,real,test
C:\Users\Hani Computer\deepfake_project\Data\test\real\00000025_47.png,0,real,test
C:\Users\Hani Computer\deepfake_project\Data\test\real\00000025_48.png,0,real,test
C:\Users\Hani Computer\deepfake_project\Data\test\real\00000025_49.png,0,real,test
C:\Users\Hani Computer\deepfake_project\Data\test\real\00000025_5.png,0,real,test
C:\Users\Hani Computer\deepfake_project\Data\test\real\00000025_6.png,0,real,test
C:\Users\Hani Computer\deepfake_project\Data\test\real\00000025_7.png,0,real,test
C:\Users\Hani Computer\deepfake_project\Data\test\real\00000025_8.png,0,real,test
C:\Users\Hani Computer\deepfake_project\Data\test\real\00000025_9.png,0,real,test
C:\Users\Hani Computer\deepfake_project\Data\test\real\00000026.png,0,real,test
C:\Users\Hani Computer\deepfake_project\Data\test\real\00000026_1.png,0,real,test
C:\Users\Hani Computer\deepfake_project\Data\test\real\00000026_10.png,0,real,test
C:\Users\Hani Computer\deepfake_project\Data\test\real\00000026_11.png,0,real,test
C:\Users\Hani Computer\deepfake_project\Data\test\real\00000026_12.png,0,real,test
C:\Users\Hani Computer\deepfake_project\Data\test\real\00000026_13.png,0,real,test
C:\Users\Hani Computer\deepfake_project\Data\test\real\00000026_14.png,0,real,test
C:\Users\Hani Computer\deepfake_project\Data\test\real\00000026_15.png,0,real,test
C:\Users\Hani Computer\deepfake_project\Data\test\real\00000026_16.png,0,real,test
C:\Users\Hani Computer\deepfake_project\Data\test\real\00000026_17.png,0,real,test
C:\Users\Hani Computer\deepfake_project\Data\test\real\00000026_18.png,0,real,test
C:\Users\Hani Computer\deepfake_project\Data\test\real\00000026_19.png,0,real,test
C:\Users\Hani Computer\deepfake_project\Data\test\real\00000026_2.png,0,real,test
C:\Users\Hani Computer\deepfake_project\Data\test\real\00000026_20.png,0,real,test
C:\Users\Hani Computer\deepfake_project\Data\test\real\00000026_21.png,0,real,test
C:\Users\Hani Computer\deepfake_project\Data\test\real\00000026_22.png,0,real,test
C:\Users\Hani Computer\deepfake_project\Data\test\real\00000026_23.png,0,real,test
C:\Users\Hani Computer\deepfake_project\Data\test\real\00000026_24.png,0,real,test
C:\Users\Hani Computer\deepfake_project\Data\test\real\00000026_25.png,0,real,test
C:\Users\Hani Computer\deepfake_project\Data\test\real\00000026_26.png,0,real,test
C:\Users\Hani Computer\deepfake_project\Data\test\real\00000026_27.png,0,real,test
C:\Users\Hani Computer\deepfake_project\Data\test\real\00000026_28.png,0,real,test
C:\Users\Hani Computer\deepfake_project\Data\test\real\00000026_3.png,0,real,test
C:\Users\Hani Computer\deepfake_project\Data\test\real\00000026_4.png,0,real,test
C:\Users\Hani Computer\deepfake_project\Data\test\real\00000026_5.png,0,real,test
C:\Users\Hani Computer\deepfake_project\Data\test\real\00000026_6.png,0,real,test
C:\Users\Hani Computer\deepfake_project\Data\test\real\00000026_7.png,0,real,test
C:\Users\Hani Computer\deepfake_project\Data\test\real\00000026_8.png,0,real,test
C:\Users\Hani Computer\deepfake_project\Data\test\real\00000026_9.png,0,real,test
C:\Users\Hani Computer\deepfake_project\Data\test\real\000_1.png,0,real,test
C:\Users\Hani Computer\deepfake_project\Data\test\real\000_10.png,0,real,test
C:\Users\Hani Computer\deepfake_project\Data\test\real\000_11.png,0,real,test
C:\Users\Hani Computer\deepfake_project\Data\test\real\000_12.png,0,real,test
C:\Users\Hani Computer\deepfake_project\Data\test\real\000_13.png,0,real,test
C:\Users\Hani Computer\deepfake_project\Data\test\real\000_14.png,0,real,test
C:\Users\Hani Computer\deepfake_project\Data\test\real\000_15.png,0,real,test
C:\Users\Hani Computer\deepfake_project\Data\test\real\000_16.png,0,real,test
C:\Users\Hani Computer\deepfake_project\Data\test\real\000_17.png,0,real,test
C:\Users\Hani Computer\deepfake_project\Data\test\real\000_18.png,0,real,test
C:\Users\Hani Computer\deepfake_project\Data\test\real\000_19.png,0,real,test
C:\Users\Hani Computer\deepfake_project\Data\test\real\000_2.png,0,real,test
C:\Users\Hani Computer\deepfake_project\Data\test\real\000_20.png,0,real,test
C:\Users\Hani Computer\deepfake_project\Data\test\real\000_21.png,0,real,test
C:\Users\Hani Computer\deepfake_project\Data\test\real\000_22.png,0,real,test
C:\Users\Hani Computer\deepfake_project\Data\test\real\000_23.png,0,real,test
C:\Users\Hani Computer\deepfake_project\Data\test\real\000_24.png,0,real,test
C:\Users\Hani Computer\deepfake_project\Data\test\real\000_25.png,0,real,test
C:\Users\Hani Computer\deepfake_project\Data\test\real\000_26.png,0,real,test
C:\Users\Hani Computer\deepfake_project\Data\test\real\000_27.png,0,real,test
C:\Users\Hani Computer\deepfake_project\Data\test\real\000_28.png,0,real,test
C:\Users\Hani Computer\deepfake_project\Data\test\real\000_29.png,0,real,test
C:\Users\Hani Computer\deepfake_project\Data\test\real\000_3.png,0,real,test
C:\Users\Hani Computer\deepfake_project\Data\test\real\000_30.png,0,real,test
C:\Users\Hani Computer\deepfake_project\Data\test\real\000_31.png,0,real,test
C:\Users\Hani Computer\deepfake_project\Data\test\real\000_32.png,0,real,test
C:\Users\Hani Computer\deepfake_project\Data\test\real\000_33.png,0,real,test
C:\Users\Hani Computer\deepfake_project\Data\test\real\000_34.png,0,real,test
C:\Users\Hani Computer\deepfake_project\Data\test\real\000_35.png,0,real,test
C:\Users\Hani Computer\deepfake_project\Data\test\real\000_36.png,0,real,test
C:\Users\Hani Computer\deepfake_project\Data\test\real\000_37.png,0,real,test
C:\Users\Hani Computer\deepfake_project\Data\test\real\000_38.png,0,real,test
C:\Users\Hani Computer\deepfake_project\Data\test\real\000_39.png,0,real,test
C:\Users\Hani Computer\deepfake_project\Data\test\real\000_4.png,0,real,test
C:\Users\Hani Computer\deepfake_project\Data\test\real\000_40.png,0,real,test
C:\Users\Hani Computer\deepfake_project\Data\test\real\000_41.png,0,real,test
C:\Users\Hani Computer\deepfake_project\Data\test\real\000_42.png,0,real,test
C:\Users\Hani Computer\deepfake_project\Data\test\real\000_43.png,0,real,test
C:\Users\Hani Computer\deepfake_project\Data\test\real\000_44.png,0,real,test
C:\Users\Hani Computer\deepfake_project\Data\test\real\000_45.png,0,real,test
C:\Users\Hani Computer\deepfake_project\Data\test\real\000_46.png,0,real,test
C:\Users\Hani Computer\deepfake_project\Data\test\real\000_47.png,0,real,test
C:\Users\Hani Computer\deepfake_project\Data\test\real\000_48.png,0,real,test
C:\Users\Hani Computer\deepfake_project\Data\test\real\000_5.png,0,real,test
C:\Users\Hani Computer\deepfake_project\Data\test\real\000_6.png,0,real,test
C:\Users\Hani Computer\deepfake_project\Data\test\real\000_7.png,0,real,test
C:\Users\Hani Computer\deepfake_project\Data\test\real\000_8.png,0,real,test
C:\Users\Hani Computer\deepfake_project\Data\test\real\000_9.png,0,real,test
C:\Users\Hani Computer\deepfake_project\Data\test\real\002.png,0,real,test
C:\Users\Hani Computer\deepfake_project\Data\test\real\003.png,0,real,test
C:\Users\Hani Computer\deepfake_project\Data\test\real\003_1.png,0,real,test
C:\Users\Hani Computer\deepfake_project\Data\test\real\003_2.png,0,real,test
C:\Users\Hani Computer\deepfake_project\Data\test\real\003_3.png,0,real,test
C:\Users\Hani Computer\deepfake_project\Data\test\real\003_4.png,0,real,test
C:\Users\Hani Computer\deepfake_project\Data\test\real\003_5.png,0,real,test
C:\Users\Hani Computer\deepfake_project\Data\test\real\004.png,0,real,test
C:\Users\Hani Computer\deepfake_project\Data\test\real\004_1.png,0,real,test
C:\Users\Hani Computer\deepfake_project\Data\test\real\004_2.png,0,real,test
C:\Users\Hani Computer\deepfake_project\Data\test\real\004_3.png,0,real,test
C:\Users\Hani Computer\deepfake_project\Data\test\real\004_4.png,0,real,test
C:\Users\Hani Computer\deepfake_project\Data\test\real\004_5.png,0,real,test
C:\Users\Hani Computer\deepfake_project\Data\test\real\004_6.png,0,real,test
C:\Users\Hani Computer\deepfake_project\Data\test\real\004_7.png,0,real,test
C:\Users\Hani Computer\deepfake_project\Data\test\real\004_8.png,0,real,test
C:\Users\Hani Computer\deepfake_project\Data\test\real\005.png,0,real,test
C:\Users\Hani Computer\deepfake_project\Data\test\real\005_1.png,0,real,test
C:\Users\Hani Computer\deepfake_project\Data\test\real\005_2.png,0,real,test
C:\Users\Hani Computer\deepfake_project\Data\test\real\005_3.png,0,real,test
C:\Users\Hani Computer\deepfake_project\Data\test\real\005_4.png,0,real,test
C:\Users\Hani Computer\deepfake_project\Data\test\real\006.png,0,real,test
C:\Users\Hani Computer\deepfake_project\Data\test\real\006_1.png,0,real,test
C:\Users\Hani Computer\deepfake_project\Data\test\real\006_2.png,0,real,test
C:\Users\Hani Computer\deepfake_project\Data\test\real\006_3.png,0,real,test
C:\Users\Hani Computer\deepfake_project\Data\test\real\006_4.png,0,real,test
C:\Users\Hani Computer\deepfake_project\Data\test\real\006_5.png,0,real,test
C:\Users\Hani Computer\deepfake_project\Data\test\real\006_6.png,0,real,test
C:\Users\Hani Computer\deepfake_project\Data\test\real\006_7.png,0,real,test
C:\Users\Hani Computer\deepfake_project\Data\test\real\007.png,0,real,test
C:\Users\Hani Computer\deepfake_project\Data\test\real\007_1.png,0,real,test
C:\Users\Hani Computer\deepfake_project\Data\test\real\007_2.png,0,real,test
C:\Users\Hani Computer\deepfake_project\Data\test\real\007_3.png,0,real,test
C:\Users\Hani Computer\deepfake_project\Data\test\real\007_4.png,0,real,test
C:\Users\Hani Computer\deepfake_project\Data\test\real\007_5.png,0,real,test
C:\Users\Hani Computer\deepfake_project\Data\test\real\007_6.png,0,real,test
C:\Users\Hani Computer\deepfake_project\Data\test\real\007_7.png,0,real,test
C:\Users\Hani Computer\deepfake_project\Data\test\real\007_8.png,0,real,test
C:\Users\Hani Computer\deepfake_project\Data\test\real\008.png,0,real,test
C:\Users\Hani Computer\deepfake_project\Data\test\real\008_1.png,0,real,test
C:\Users\Hani Computer\deepfake_project\Data\test\real\008_2.png,0,real,test
C:\Users\Hani Computer\deepfake_project\Data\test\real\008_3.png,0,real,test
C:\Users\Hani Computer\deepfake_project\Data\test\real\008_4.png,0,real,test
C:\Users\Hani Computer\deepfake_project\Data\test\real\008_5.png,0,real,test
C:\Users\Hani Computer\deepfake_project\Data\test\real\009.png,0,real,test
C:\Users\Hani Computer\deepfake_project\Data\test\real\009_1.png,0,real,test
C:\Users\Hani Computer\deepfake_project\Data\test\real\009_2.png,0,real,test
C:\Users\Hani Computer\deepfake_project\Data\test\real\009_3.png,0,real,test
C:\Users\Hani Computer\deepfake_project\Data\test\real\009_4.png,0,real,test
C:\Users\Hani Computer\deepfake_project\Data\test\real\009_5.png,0,real,test
C:\Users\Hani Computer\deepfake_project\Data\test\real\009_6.png,0,real,test
C:\Users\Hani Computer\deepfake_project\Data\test\real\009_7.png,0,real,test
C:\Users\Hani Computer\deepfake_project\Data\test\real\010.png,0,real,test
C:\Users\Hani Computer\deepfake_project\Data\test\real\010_1.png,0,real,test
C:\Users\Hani Computer\deepfake_project\Data\test\real\010_2.png,0,real,test
C:\Users\Hani Computer\deepfake_project\Data\test\real\010_3.png,0,real,test
C:\Users\Hani Computer\deepfake_project\Data\test\real\010_4.png,0,real,test
C:\Users\Hani Computer\deepfake_project\Data\test\real\010_5.png,0,real,test
C:\Users\Hani Computer\deepfake_project\Data\test\real\011.png,0,real,test
C:\Users\Hani Computer\deepfake_project\Data\test\real\011_1.png,0,real,test
C:\Users\Hani Computer\deepfake_project\Data\test\real\011_2.png,0,real,test
C:\Users\Hani Computer\deepfake_project\Data\test\real\011_3.png,0,real,test
C:\Users\Hani Computer\deepfake_project\Data\test\real\011_4.png,0,real,test
C:\Users\Hani Computer\deepfake_project\Data\test\real\012.png,0,real,test
C:\Users\Hani Computer\deepfake_project\Data\test\real\012_1.png,0,real,test
C:\Users\Hani Computer\deepfake_project\Data\test\real\012_2.png,0,real,test
C:\Users\Hani Computer\deepfake_project\Data\test\real\012_3.png,0,real,test
C:\Users\Hani Computer\deepfake_project\Data\test\real\012_4.png,0,real,test
C:\Users\Hani Computer\deepfake_project\Data\test\real\012_5.png,0,real,test
C:\Users\Hani Computer\deepfake_project\Data\test\real\012_6.png,0,real,test
C:\Users\Hani Computer\deepfake_project\Data\test\real\013.png,0,real,test
C:\Users\Hani Computer\deepfake_project\Data\test\real\013_1.png,0,real,test
C:\Users\Hani Computer\deepfake_project\Data\test\real\013_2.png,0,real,test
C:\Users\Hani Computer\deepfake_project\Data\test\real\013_3.png,0,real,test
C:\Users\Hani Computer\deepfake_project\Data\test\real\013_4.png,0,real,test
C:\Users\Hani Computer\deepfake_project\Data\test\real\013_5.png,0,real,test
C:\Users\Hani Computer\deepfake_project\Data\test\real\013_6.png,0,real,test
C:\Users\Hani Computer\deepfake_project\Data\test\real\013_7.png,0,real,test
C:\Users\Hani Computer\deepfake_project\Data\test\real\013_8.png,0,real,test
C:\Users\Hani Computer\deepfake_project\Data\test\real\014.png,0,real,test
C:\Users\Hani Computer\deepfake_project\Data\test\real\014_1.png,0,real,test
C:\Users\Hani Computer\deepfake_project\Data\test\real\014_10.png,0,real,test
C:\Users\Hani Computer\deepfake_project\Data\test\real\014_2.png,0,real,test
C:\Users\Hani Computer\deepfake_project\Data\test\real\014_3.png,0,real,test
C:\Users\Hani Computer\deepfake_project\Data\test\real\014_4.png,0,real,test
C:\Users\Hani Computer\deepfake_project\Data\test\real\014_5.png,0,real,test
C:\Users\Hani Computer\deepfake_project\Data\test\real\014_6.png,0,real,test
C:\Users\Hani Computer\deepfake_project\Data\test\real\014_7.png,0,real,test
C:\Users\Hani Computer\deepfake_project\Data\test\real\014_8.png,0,real,test
C:\Users\Hani Computer\deepfake_project\Data\test\real\014_9.png,0,real,test
C:\Users\Hani Computer\deepfake_project\Data\test\real\015.png,0,real,test
C:\Users\Hani Computer\deepfake_project\Data\test\real\015_1.png,0,real,test
C:\Users\Hani Computer\deepfake_project\Data\test\real\015_2.png,0,real,test
C:\Users\Hani Computer\deepfake_project\Data\test\real\015_3.png,0,real,test
C:\Users\Hani Computer\deepfake_project\Data\test\real\015_4.png,0,real,test
C:\Users\Hani Computer\deepfake_project\Data\test\real\016.png,0,real,test
C:\Users\Hani Computer\deepfake_project\Data\test\real\016_1.png,0,real,test
C:\Users\Hani Computer\deepfake_project\Data\test\real\016_2.png,0,real,test
C:\Users\Hani Computer\deepfake_project\Data\test\real\017.png,0,real,test
C:\Users\Hani Computer\deepfake_project\Data\test\real\017_1.png,0,real,test
C:\Users\Hani Computer\deepfake_project\Data\test\real\017_2.png,0,real,test
C:\Users\Hani Computer\deepfake_project\Data\test\real\017_3.png,0,real,test
C:\Users\Hani Computer\deepfake_project\Data\test\real\017_4.png,0,real,test
C:\Users\Hani Computer\deepfake_project\Data\test\real\017_5.png,0,real,test
C:\Users\Hani Computer\deepfake_project\Data\test\real\018.png,0,real,test
C:\Users\Hani Computer\deepfake_project\Data\test\real\018_1.png,0,real,test
C:\Users\Hani Computer\deepfake_project\Data\test\real\018_10.png,0,real,test
C:\Users\Hani Computer\deepfake_project\Data\test\real\018_11.png,0,real,test
C:\Users\Hani Computer\deepfake_project\Data\test\real\018_2.png,0,real,test
C:\Users\Hani Computer\deepfake_project\Data\test\real\018_3.png,0,real,test
C:\Users\Hani Computer\deepfake_project\Data\test\real\018_4.png,0,real,test
C:\Users\Hani Computer\deepfake_project\Data\test\real\018_5.png,0,real,test
C:\Users\Hani Computer\deepfake_project\Data\test\real\018_6.png,0,real,test
C:\Users\Hani Computer\deepfake_project\Data\test\real\018_7.png,0,real,test
C:\Users\Hani Computer\deepfake_project\Data\test\real\018_8.png,0,real,test
C:\Users\Hani Computer\deepfake_project\Data\test\real\018_9.png,0,real,test
C:\Users\Hani Computer\deepfake_project\Data\test\real\019.png,0,real,test
C:\Users\Hani Computer\deepfake_project\Data\test\real\019_1.png,0,real,test
C:\Users\Hani Computer\deepfake_project\Data\test\real\019_2.png,0,real,test
C:\Users\Hani Computer\deepfake_project\Data\test\real\019_3.png,0,real,test
C:\Users\Hani Computer\deepfake_project\Data\test\real\019_4.png,0,real,test
C:\Users\Hani Computer\deepfake_project\Data\test\real\020.png,0,real,test
C:\Users\Hani Computer\deepfake_project\Data\test\real\020_1.png,0,real,test
C:\Users\Hani Computer\deepfake_project\Data\test\real\020_2.png,0,real,test
C:\Users\Hani Computer\deepfake_project\Data\test\real\020_3.png,0,real,test
C:\Users\Hani Computer\deepfake_project\Data\test\real\020_4.png,0,real,test
C:\Users\Hani Computer\deepfake_project\Data\test\real\020_5.png,0,real,test
C:\Users\Hani Computer\deepfake_project\Data\test\real\021.png,0,real,test
C:\Users\Hani Computer\deepfake_project\Data\test\real\021_1.png,0,real,test
C:\Users\Hani Computer\deepfake_project\Data\test\real\021_2.png,0,real,test
C:\Users\Hani Computer\deepfake_project\Data\test\real\021_3.png,0,real,test
C:\Users\Hani Computer\deepfake_project\Data\test\real\021_4.png,0,real,test
C:\Users\Hani Computer\deepfake_project\Data\test\real\022.png,0,real,test
C:\Users\Hani Computer\deepfake_project\Data\test\real\022_1.png,0,real,test
C:\Users\Hani Computer\deepfake_project\Data\test\real\022_2.png,0,real,test
C:\Users\Hani Computer\deepfake_project\Data\test\real\022_3.png,0,real,test
C:\Users\Hani Computer\deepfake_project\Data\test\real\022_4.png,0,real,test
C:\Users\Hani Computer\deepfake_project\Data\test\real\022_5.png,0,real,test
C:\Users\Hani Computer\deepfake_project\Data\test\real\022_6.png,0,real,test
C:\Users\Hani Computer\deepfake_project\Data\test\real\022_7.png,0,real,test
C:\Users\Hani Computer\deepfake_project\Data\test\real\023.png,0,real,test
C:\Users\Hani Computer\deepfake_project\Data\test\real\023_1.png,0,real,test
C:\Users\Hani Computer\deepfake_project\Data\test\real\023_2.png,0,real,test
C:\Users\Hani Computer\deepfake_project\Data\test\real\023_3.png,0,real,test
C:\Users\Hani Computer\deepfake_project\Data\test\real\023_4.png,0,real,test
C:\Users\Hani Computer\deepfake_project\Data\test\real\023_5.png,0,real,test
C:\Users\Hani Computer\deepfake_project\Data\test\real\024.png,0,real,test
C:\Users\Hani Computer\deepfake_project\Data\test\real\024_1.png,0,real,test
C:\Users\Hani Computer\deepfake_project\Data\test\real\024_10.png,0,real,test
C:\Users\Hani Computer\deepfake_project\Data\test\real\024_2.png,0,real,test
C:\Users\Hani Computer\deepfake_project\Data\test\real\024_3.png,0,real,test
C:\Users\Hani Computer\deepfake_project\Data\test\real\024_4.png,0,real,test
C:\Users\Hani Computer\deepfake_project\Data\test\real\024_5.png,0,real,test
C:\Users\Hani Computer\deepfake_project\Data\test\real\024_6.png,0,real,test
C:\Users\Hani Computer\deepfake_project\Data\test\real\024_7.png,0,real,test
C:\Users\Hani Computer\deepfake_project\Data\test\real\024_8.png,0,real,test
C:\Users\Hani Computer\deepfake_project\Data\test\real\024_9.png,0,real,test
C:\Users\Hani Computer\deepfake_project\Data\test\real\025.png,0,real,test
C:\Users\Hani Computer\deepfake_project\Data\test\real\025_1.png,0,real,test
C:\Users\Hani Computer\deepfake_project\Data\test\real\025_2.png,0,real,test
C:\Users\Hani Computer\deepfake_project\Data\test\real\025_3.png,0,real,test
C:\Users\Hani Computer\deepfake_project\Data\test\real\025_4.png,0,real,test
C:\Users\Hani Computer\deepfake_project\Data\test\real\025_5.png,0,real,test
C:\Users\Hani Computer\deepfake_project\Data\test\real\025_6.png,0,real,test
C:\Users\Hani Computer\deepfake_project\Data\test\real\026.png,0,real,test
C:\Users\Hani Computer\deepfake_project\Data\test\real\026_1.png,0,real,test
C:\Users\Hani Computer\deepfake_project\Data\test\real\026_2.png,0,real,test
C:\Users\Hani Computer\deepfake_project\Data\test\real\026_3.png,0,real,test
C:\Users\Hani Computer\deepfake_project\Data\test\real\026_4.png,0,real,test
C:\Users\Hani Computer\deepfake_project\Data\test\real\026_5.png,0,real,test
C:\Users\Hani Computer\deepfake_project\Data\test\real\026_6.png,0,real,test
C:\Users\Hani Computer\deepfake_project\Data\test\real\026_7.png,0,real,test
C:\Users\Hani Computer\deepfake_project\Data\test\real\0_1.png,0,real,test
C:\Users\Hani Computer\deepfake_project\Data\test\real\10_1.png,0,real,test
C:\Users\Hani Computer\deepfake_project\Data\test\real\11_1.png,0,real,test
C:\Users\Hani Computer\deepfake_project\Data\test\real\12_1.png,0,real,test
C:\Users\Hani Computer\deepfake_project\Data\test\real\13_1.png,0,real,test
C:\Users\Hani Computer\deepfake_project\Data\test\real\14_1.png,0,real,test
C:\Users\Hani Computer\deepfake_project\Data\test\real\15_1.png,0,real,test
C:\Users\Hani Computer\deepfake_project\Data\test\real\16_1.png,0,real,test
C:\Users\Hani Computer\deepfake_project\Data\test\real\17_1.png,0,real,test
C:\Users\Hani Computer\deepfake_project\Data\test\real\18_1.png,0,real,test
C:\Users\Hani Computer\deepfake_project\Data\test\real\19_1.png,0,real,test
C:\Users\Hani Computer\deepfake_project\Data\test\real\1_1.png,0,real,test
C:\Users\Hani Computer\deepfake_project\Data\test\real\20_1.png,0,real,test
C:\Users\Hani Computer\deepfake_project\Data\test\real\21_1.png,0,real,test
C:\Users\Hani Computer\deepfake_project\Data\test\real\22_1.png,0,real,test
C:\Users\Hani Computer\deepfake_project\Data\test\real\23_1.png,0,real,test
C:\Users\Hani Computer\deepfake_project\Data\test\real\24_1.png,0,real,test
C:\Users\Hani Computer\deepfake_project\Data\test\real\25_1.png,0,real,test
C:\Users\Hani Computer\deepfake_project\Data\test\real\26_1.png,0,real,test
C:\Users\Hani Computer\deepfake_project\Data\test\real\2_1.png,0,real,test
C:\Users\Hani Computer\deepfake_project\Data\test\real\3_1.png,0,real,test
C:\Users\Hani Computer\deepfake_project\Data\test\real\4_1.png,0,real,test
C:\Users\Hani Computer\deepfake_project\Data\test\real\5_1.png,0,real,test
C:\Users\Hani Computer\deepfake_project\Data\test\real\6_1.png,0,real,test
C:\Users\Hani Computer\deepfake_project\Data\test\real\7_1.png,0,real,test
C:\Users\Hani Computer\deepfake_project\Data\test\real\8_1.png,0,real,test
C:\Users\Hani Computer\deepfake_project\Data\test\real\9_1.png,0,real,test
C:\Users\Hani Computer\deepfake_project\Data\test\real\0.jpg,0,real,test
C:\Users\Hani Computer\deepfake_project\Data\test\real\00005.jpg,0,real,test
C:\Users\Hani Computer\deepfake_project\Data\test\real\00023.jpg,0,real,test
C:\Users\Hani Computer\deepfake_project\Data\test\real\1.jpg,0,real,test
C:\Users\Hani Computer\deepfake_project\Data\test\real\10.jpg,0,real,test
C:\Users\Hani Computer\deepfake_project\Data\test\real\11.jpg,0,real,test
C:\Users\Hani Computer\deepfake_project\Data\test\real\12.jpg,0,real,test
C:\Users\Hani Computer\deepfake_project\Data\test\real\13.jpg,0,real,test
C:\Users\Hani Computer\deepfake_project\Data\test\real\14.jpg,0,real,test
C:\Users\Hani Computer\deepfake_project\Data\test\real\15.jpg,0,real,test
C:\Users\Hani Computer\deepfake_project\Data\test\real\16.jpg,0,real,test
C:\Users\Hani Computer\deepfake_project\Data\test\real\17.jpg,0,real,test
C:\Users\Hani Computer\deepfake_project\Data\test\real\18.jpg,0,real,test
C:\Users\Hani Computer\deepfake_project\Data\test\real\19.jpg,0,real,test
C:\Users\Hani Computer\deepfake_project\Data\test\real\2.jpg,0,real,test
C:\Users\Hani Computer\deepfake_project\Data\test\real\20.jpg,0,real,test
C:\Users\Hani Computer\deepfake_project\Data\test\real\21.jpg,0,real,test
C:\Users\Hani Computer\deepfake_project\Data\test\real\22.jpg,0,real,test
C:\Users\Hani Computer\deepfake_project\Data\test\real\23.jpg,0,real,test
C:\Users\Hani Computer\deepfake_project\Data\test\real\24.jpg,0,real,test
C:\Users\Hani Computer\deepfake_project\Data\test\real\25.jpg,0,real,test
C:\Users\Hani Computer\deepfake_project\Data\test\real\26.jpg,0,real,test
C:\Users\Hani Computer\deepfake_project\Data\test\real\3.jpg,0,real,test
C:\Users\Hani Computer\deepfake_project\Data\test\real\4.jpg,0,real,test
C:\Users\Hani Computer\deepfake_project\Data\test\real\5.jpg,0,real,test
C:\Users\Hani Computer\deepfake_project\Data\test\real\6.jpg,0,real,test
C:\Users\Hani Computer\deepfake_project\Data\test\real\7.jpg,0,real,test
C:\Users\Hani Computer\deepfake_project\Data\test\real\8.jpg,0,real,test
C:\Users\Hani Computer\deepfake_project\Data\test\real\9.jpg,0,real,test
C:\Users\Hani Computer\deepfake_project\Data\test\fake\0.png,1,fake,test
C:\Users\Hani Computer\deepfake_project\Data\test\fake\000 (1).png,1,fake,test
C:\Users\Hani Computer\deepfake_project\Data\test\fake\000 (10).png,1,fake,test
C:\Users\Hani Computer\deepfake_project\Data\test\fake\000 (11).png,1,fake,test
C:\Users\Hani Computer\deepfake_project\Data\test\fake\000 (12).png,1,fake,test
C:\Users\Hani Computer\deepfake_project\Data\test\fake\000 (13).png,1,fake,test
C:\Users\Hani Computer\deepfake_project\Data\test\fake\000 (14).png,1,fake,test
C:\Users\Hani Computer\deepfake_project\Data\test\fake\000 (15).png,1,fake,test
C:\Users\Hani Computer\deepfake_project\Data\test\fake\000 (16).png,1,fake,test
C:\Users\Hani Computer\deepfake_project\Data\test\fake\000 (17).png,1,fake,test
C:\Users\Hani Computer\deepfake_project\Data\test\fake\000 (18).png,1,fake,test
C:\Users\Hani Computer\deepfake_project\Data\test\fake\000 (19).png,1,fake,test
C:\Users\Hani Computer\deepfake_project\Data\test\fake\000 (2).png,1,fake,test
C:\Users\Hani Computer\deepfake_project\Data\test\fake\000 (20).png,1,fake,test
C:\Users\Hani Computer\deepfake_project\Data\test\fake\000 (21).png,1,fake,test
C:\Users\Hani Computer\deepfake_project\Data\test\fake\000 (22).png,1,fake,test
C:\Users\Hani Computer\deepfake_project\Data\test\fake\000 (23).png,1,fake,test
C:\Users\Hani Computer\deepfake_project\Data\test\fake\000 (24).png,1,fake,test
C:\Users\Hani Computer\deepfake_project\Data\test\fake\000 (25).png,1,fake,test
C:\Users\Hani Computer\deepfake_project\Data\test\fake\000 (26).png,1,fake,test
C:\Users\Hani Computer\deepfake_project\Data\test\fake\000 (27).png,1,fake,test
C:\Users\Hani Computer\deepfake_project\Data\test\fake\000 (28).png,1,fake,test
C:\Users\Hani Computer\deepfake_project\Data\test\fake\000 (29).png,1,fake,test
C:\Users\Hani Computer\deepfake_project\Data\test\fake\000 (3).png,1,fake,test
C:\Users\Hani Computer\deepfake_project\Data\test\fake\000 (30).png,1,fake,test
C:\Users\Hani Computer\deepfake_project\Data\test\fake\000 (31).png,1,fake,test
C:\Users\Hani Computer\deepfake_project\Data\test\fake\000 (32).png,1,fake,test
C:\Users\Hani Computer\deepfake_project\Data\test\fake\000 (33).png,1,fake,test
C:\Users\Hani Computer\deepfake_project\Data\test\fake\000 (34).png,1,fake,test
C:\Users\Hani Computer\deepfake_project\Data\test\fake\000 (35).png,1,fake,test
C:\Users\Hani Computer\deepfake_project\Data\test\fake\000 (36).png,1,fake,test
C:\Users\Hani Computer\deepfake_project\Data\test\fake\000 (37).png,1,fake,test
C:\Users\Hani Computer\deepfake_project\Data\test\fake\000 (38).png,1,fake,test
C:\Users\Hani Computer\deepfake_project\Data\test\fake\000 (39).png,1,fake,test
C:\Users\Hani Computer\deepfake_project\Data\test\fake\000 (4).png,1,fake,test
C:\Users\Hani Computer\deepfake_project\Data\test\fake\000 (40).png,1,fake,test
C:\Users\Hani Computer\deepfake_project\Data\test\fake\000 (41).png,1,fake,test
C:\Users\Hani Computer\deepfake_project\Data\test\fake\000 (5).png,1,fake,test
C:\Users\Hani Computer\deepfake_project\Data\test\fake\000 (6).png,1,fake,test
C:\Users\Hani Computer\deepfake_project\Data\test\fake\000 (7).png,1,fake,test
C:\Users\Hani Computer\deepfake_project\Data\test\fake\000 (8).png,1,fake,test
C:\Users\Hani Computer\deepfake_project\Data\test\fake\000 (9).png,1,fake,test
C:\Users\Hani Computer\deepfake_project\Data\test\fake\000.png,1,fake,test
C:\Users\Hani Computer\deepfake_project\Data\test\fake\000000_x_0.png,1,fake,test
C:\Users\Hani Computer\deepfake_project\Data\test\fake\000000_x_0_1.png,1,fake,test
C:\Users\Hani Computer\deepfake_project\Data\test\fake\000000_x_0_10.png,1,fake,test
C:\Users\Hani Computer\deepfake_project\Data\test\fake\000000_x_0_100.png,1,fake,test
C:\Users\Hani Computer\deepfake_project\Data\test\fake\000000_x_0_101.png,1,fake,test
C:\Users\Hani Computer\deepfake_project\Data\test\fake\000000_x_0_102.png,1,fake,test
C:\Users\Hani Computer\deepfake_project\Data\test\fake\000000_x_0_103.png,1,fake,test
C:\Users\Hani Computer\deepfake_project\Data\test\fake\000000_x_0_104.png,1,fake,test
C:\Users\Hani Computer\deepfake_project\Data\test\fake\000000_x_0_105.png,1,fake,test
C:\Users\Hani Computer\deepfake_project\Data\test\fake\000000_x_0_106.png,1,fake,test
C:\Users\Hani Computer\deepfake_project\Data\test\fake\000000_x_0_107.png,1,fake,test
C:\Users\Hani Computer\deepfake_project\Data\test\fake\000000_x_0_108.png,1,fake,test
C:\Users\Hani Computer\deepfake_project\Data\test\fake\000000_x_0_109.png,1,fake,test
C:\Users\Hani Computer\deepfake_project\Data\test\fake\000000_x_0_11.png,1,fake,test
C:\Users\Hani Computer\deepfake_project\Data\test\fake\000000_x_0_110.png,1,fake,test
C:\Users\Hani Computer\deepfake_project\Data\test\fake\000000_x_0_111.png,1,fake,test
C:\Users\Hani Computer\deepfake_project\Data\test\fake\000000_x_0_112.png,1,fake,test
C:\Users\Hani Computer\deepfake_project\Data\test\fake\000000_x_0_113.png,1,fake,test
C:\Users\Hani Computer\deepfake_project\Data\test\fake\000000_x_0_114.png,1,fake,test
C:\Users\Hani Computer\deepfake_project\Data\test\fake\000000_x_0_115.png,1,fake,test
C:\Users\Hani Computer\deepfake_project\Data\test\fake\000000_x_0_116.png,1,fake,test
C:\Users\Hani Computer\deepfake_project\Data\test\fake\000000_x_0_117.png,1,fake,test
C:\Users\Hani Computer\deepfake_project\Data\test\fake\000000_x_0_118.png,1,fake,test
C:\Users\Hani Computer\deepfake_project\Data\test\fake\000000_x_0_119.png,1,fake,test
C:\Users\Hani Computer\deepfake_project\Data\test\fake\000000_x_0_12.png,1,fake,test
C:\Users\Hani Computer\deepfake_project\Data\test\fake\000000_x_0_120.png,1,fake,test
C:\Users\Hani Computer\deepfake_project\Data\test\fake\000000_x_0_121.png,1,fake,test
C:\Users\Hani Computer\deepfake_project\Data\test\fake\000000_x_0_122.png,1,fake,test
C:\Users\Hani Computer\deepfake_project\Data\test\fake\000000_x_0_123.png,1,fake,test
C:\Users\Hani Computer\deepfake_project\Data\test\fake\000000_x_0_124.png,1,fake,test
C:\Users\Hani Computer\deepfake_project\Data\test\fake\000000_x_0_125.png,1,fake,test
C:\Users\Hani Computer\deepfake_project\Data\test\fake\000000_x_0_126.png,1,fake,test
C:\Users\Hani Computer\deepfake_project\Data\test\fake\000000_x_0_127.png,1,fake,test
C:\Users\Hani Computer\deepfake_project\Data\test\fake\000000_x_0_128.png,1,fake,test
C:\Users\Hani Computer\deepfake_project\Data\test\fake\000000_x_0_129.png,1,fake,test
C:\Users\Hani Computer\deepfake_project\Data\test\fake\000000_x_0_13.png,1,fake,test
C:\Users\Hani Computer\deepfake_project\Data\test\fake\000000_x_0_130.png,1,fake,test
C:\Users\Hani Computer\deepfake_project\Data\test\fake\000000_x_0_131.png,1,fake,test
C:\Users\Hani Computer\deepfake_project\Data\test\fake\000000_x_0_132.png,1,fake,test
C:\Users\Hani Computer\deepfake_project\Data\test\fake\000000_x_0_133.png,1,fake,test
C:\Users\Hani Computer\deepfake_project\Data\test\fake\000000_x_0_134.png,1,fake,test
C:\Users\Hani Computer\deepfake_project\Data\test\fake\000000_x_0_135.png,1,fake,test
C:\Users\Hani Computer\deepfake_project\Data\test\fake\000000_x_0_136.png,1,fake,test
C:\Users\Hani Computer\deepfake_project\Data\test\fake\000000_x_0_137.png,1,fake,test
C:\Users\Hani Computer\deepfake_project\Data\test\fake\000000_x_0_138.png,1,fake,test
C:\Users\Hani Computer\deepfake_project\Data\test\fake\000000_x_0_139.png,1,fake,test
C:\Users\Hani Computer\deepfake_project\Data\test\fake\000000_x_0_14.png,1,fake,test
C:\Users\Hani Computer\deepfake_project\Data\test\fake\000000_x_0_140.png,1,fake,test
C:\Users\Hani Computer\deepfake_project\Data\test\fake\000000_x_0_141.png,1,fake,test
C:\Users\Hani Computer\deepfake_project\Data\test\fake\000000_x_0_142.png,1,fake,test
C:\Users\Hani Computer\deepfake_project\Data\test\fake\000000_x_0_143.png,1,fake,test
C:\Users\Hani Computer\deepfake_project\Data\test\fake\000000_x_0_144.png,1,fake,test
C:\Users\Hani Computer\deepfake_project\Data\test\fake\000000_x_0_145.png,1,fake,test
C:\Users\Hani Computer\deepfake_project\Data\test\fake\000000_x_0_146.png,1,fake,test
C:\Users\Hani Computer\deepfake_project\Data\test\fake\000000_x_0_147.png,1,fake,test
C:\Users\Hani Computer\deepfake_project\Data\test\fake\000000_x_0_148.png,1,fake,test
C:\Users\Hani Computer\deepfake_project\Data\test\fake\000000_x_0_149.png,1,fake,test
C:\Users\Hani Computer\deepfake_project\Data\test\fake\000000_x_0_15.png,1,fake,test
C:\Users\Hani Computer\deepfake_project\Data\test\fake\000000_x_0_150.png,1,fake,test
C:\Users\Hani Computer\deepfake_project\Data\test\fake\000000_x_0_151.png,1,fake,test
C:\Users\Hani Computer\deepfake_project\Data\test\fake\000000_x_0_152.png,1,fake,test
C:\Users\Hani Computer\deepfake_project\Data\test\fake\000000_x_0_153.png,1,fake,test
C:\Users\Hani Computer\deepfake_project\Data\test\fake\000000_x_0_154.png,1,fake,test
C:\Users\Hani Computer\deepfake_project\Data\test\fake\000000_x_0_155.png,1,fake,test
C:\Users\Hani Computer\deepfake_project\Data\test\fake\000000_x_0_156.png,1,fake,test
C:\Users\Hani Computer\deepfake_project\Data\test\fake\000000_x_0_157.png,1,fake,test
C:\Users\Hani Computer\deepfake_project\Data\test\fake\000000_x_0_158.png,1,fake,test
C:\Users\Hani Computer\deepfake_project\Data\test\fake\000000_x_0_159.png,1,fake,test
C:\Users\Hani Computer\deepfake_project\Data\test\fake\000000_x_0_16.png,1,fake,test
C:\Users\Hani Computer\deepfake_project\Data\test\fake\000000_x_0_160.png,1,fake,test
C:\Users\Hani Computer\deepfake_project\Data\test\fake\000000_x_0_161.png,1,fake,test
C:\Users\Hani Computer\deepfake_project\Data\test\fake\000000_x_0_162.png,1,fake,test
C:\Users\Hani Computer\deepfake_project\Data\test\fake\000000_x_0_163.png,1,fake,test
C:\Users\Hani Computer\deepfake_project\Data\test\fake\000000_x_0_164.png,1,fake,test
C:\Users\Hani Computer\deepfake_project\Data\test\fake\000000_x_0_165.png,1,fake,test
C:\Users\Hani Computer\deepfake_project\Data\test\fake\000000_x_0_166.png,1,fake,test
C:\Users\Hani Computer\deepfake_project\Data\test\fake\000000_x_0_167.png,1,fake,test
C:\Users\Hani Computer\deepfake_project\Data\test\fake\000000_x_0_168.png,1,fake,test
C:\Users\Hani Computer\deepfake_project\Data\test\fake\000000_x_0_169.png,1,fake,test
C:\Users\Hani Computer\deepfake_project\Data\test\fake\000000_x_0_17.png,1,fake,test
C:\Users\Hani Computer\deepfake_project\Data\test\fake\000000_x_0_170.png,1,fake,test
C:\Users\Hani Computer\deepfake_project\Data\test\fake\000000_x_0_171.png,1,fake,test
C:\Users\Hani Computer\deepfake_project\Data\test\fake\000000_x_0_172.png,1,fake,test
C:\Users\Hani Computer\deepfake_project\Data\test\fake\000000_x_0_173.png,1,fake,test
C:\Users\Hani Computer\deepfake_project\Data\test\fake\000000_x_0_174.png,1,fake,test
C:\Users\Hani Computer\deepfake_project\Data\test\fake\000000_x_0_175.png,1,fake,test
C:\Users\Hani Computer\deepfake_project\Data\test\fake\000000_x_0_176.png,1,fake,test
C:\Users\Hani Computer\deepfake_project\Data\test\fake\000000_x_0_177.png,1,fake,test
C:\Users\Hani Computer\deepfake_project\Data\test\fake\000000_x_0_178.png,1,fake,test
C:\Users\Hani Computer\deepfake_project\Data\test\fake\000000_x_0_179.png,1,fake,test
C:\Users\Hani Computer\deepfake_project\Data\test\fake\000000_x_0_18.png,1,fake,test
C:\Users\Hani Computer\deepfake_project\Data\test\fake\000000_x_0_180.png,1,fake,test
C:\Users\Hani Computer\deepfake_project\Data\test\fake\000000_x_0_181.png,1,fake,test
C:\Users\Hani Computer\deepfake_project\Data\test\fake\000000_x_0_182.png,1,fake,test
C:\Users\Hani Computer\deepfake_project\Data\test\fake\000000_x_0_183.png,1,fake,test
C:\Users\Hani Computer\deepfake_project\Data\test\fake\000000_x_0_184.png,1,fake,test
C:\Users\Hani Computer\deepfake_project\Data\test\fake\000000_x_0_185.png,1,fake,test
C:\Users\Hani Computer\deepfake_project\Data\test\fake\000000_x_0_186.png,1,fake,test
C:\Users\Hani Computer\deepfake_project\Data\test\fake\000000_x_0_187.png,1,fake,test
C:\Users\Hani Computer\deepfake_project\Data\test\fake\000000_x_0_188.png,1,fake,test
C:\Users\Hani Computer\deepfake_project\Data\test\fake\000000_x_0_189.png,1,fake,test
C:\Users\Hani Computer\deepfake_project\Data\test\fake\000000_x_0_19.png,1,fake,test
C:\Users\Hani Computer\deepfake_project\Data\test\fake\000000_x_0_190.png,1,fake,test
C:\Users\Hani Computer\deepfake_project\Data\test\fake\000000_x_0_191.png,1,fake,test
C:\Users\Hani Computer\deepfake_project\Data\test\fake\000000_x_0_192.png,1,fake,test
C:\Users\Hani Computer\deepfake_project\Data\test\fake\000000_x_0_193.png,1,fake,test
C:\Users\Hani Computer\deepfake_project\Data\test\fake\000000_x_0_194.png,1,fake,test
C:\Users\Hani Computer\deepfake_project\Data\test\fake\000000_x_0_195.png,1,fake,test
C:\Users\Hani Computer\deepfake_project\Data\test\fake\000000_x_0_196.png,1,fake,test
C:\Users\Hani Computer\deepfake_project\Data\test\fake\000000_x_0_197.png,1,fake,test
C:\Users\Hani Computer\deepfake_project\Data\test\fake\000000_x_0_198.png,1,fake,test
C:\Users\Hani Computer\deepfake_project\Data\test\fake\000000_x_0_199.png,1,fake,test
C:\Users\Hani Computer\deepfake_project\Data\test\fake\000000_x_0_2.png,1,fake,test
C:\Users\Hani Computer\deepfake_project\Data\test\fake\000000_x_0_20.png,1,fake,test
C:\Users\Hani Computer\deepfake_project\Data\test\fake\000000_x_0_200.png,1,fake,test
C:\Users\Hani Computer\deepfake_project\Data\test\fake\000000_x_0_201.png,1,fake,test
C:\Users\Hani Computer\deepfake_project\Data\test\fake\000000_x_0_202.png,1,fake,test
C:\Users\Hani Computer\deepfake_project\Data\test\fake\000000_x_0_203.png,1,fake,test
C:\Users\Hani Computer\deepfake_project\Data\test\fake\000000_x_0_204.png,1,fake,test
C:\Users\Hani Computer\deepfake_project\Data\test\fake\000000_x_0_205.png,1,fake,test
C:\Users\Hani Computer\deepfake_project\Data\test\fake\000000_x_0_206.png,1,fake,test
C:\Users\Hani Computer\deepfake_project\Data\test\fake\000000_x_0_207.png,1,fake,test
C:\Users\Hani Computer\deepfake_project\Data\test\fake\000000_x_0_208.png,1,fake,test
C:\Users\Hani Computer\deepfake_project\Data\test\fake\000000_x_0_209.png,1,fake,test
C:\Users\Hani Computer\deepfake_project\Data\test\fake\000000_x_0_21.png,1,fake,test
C:\Users\Hani Computer\deepfake_project\Data\test\fake\000000_x_0_210.png,1,fake,test
C:\Users\Hani Computer\deepfake_project\Data\test\fake\000000_x_0_211.png,1,fake,test
C:\Users\Hani Computer\deepfake_project\Data\test\fake\000000_x_0_212.png,1,fake,test
C:\Users\Hani Computer\deepfake_project\Data\test\fake\000000_x_0_213.png,1,fake,test
C:\Users\Hani Computer\deepfake_project\Data\test\fake\000000_x_0_214.png,1,fake,test
C:\Users\Hani Computer\deepfake_project\Data\test\fake\000000_x_0_215.png,1,fake,test
C:\Users\Hani Computer\deepfake_project\Data\test\fake\000000_x_0_216.png,1,fake,test
C:\Users\Hani Computer\deepfake_project\Data\test\fake\000000_x_0_217.png,1,fake,test
C:\Users\Hani Computer\deepfake_project\Data\test\fake\000000_x_0_218.png,1,fake,test
C:\Users\Hani Computer\deepfake_project\Data\test\fake\000000_x_0_219.png,1,fake,test
C:\Users\Hani Computer\deepfake_project\Data\test\fake\000000_x_0_22.png,1,fake,test
C:\Users\Hani Computer\deepfake_project\Data\test\fake\000000_x_0_220.png,1,fake,test
C:\Users\Hani Computer\deepfake_project\Data\test\fake\000000_x_0_221.png,1,fake,test
C:\Users\Hani Computer\deepfake_project\Data\test\fake\000000_x_0_222.png,1,fake,test
C:\Users\Hani Computer\deepfake_project\Data\test\fake\000000_x_0_223.png,1,fake,test
C:\Users\Hani Computer\deepfake_project\Data\test\fake\000000_x_0_224.png,1,fake,test
C:\Users\Hani Computer\deepfake_project\Data\test\fake\000000_x_0_225.png,1,fake,test
C:\Users\Hani Computer\deepfake_project\Data\test\fake\000000_x_0_226.png,1,fake,test
C:\Users\Hani Computer\deepfake_project\Data\test\fake\000000_x_0_227.png,1,fake,test
C:\Users\Hani Computer\deepfake_project\Data\test\fake\000000_x_0_228.png,1,fake,test
C:\Users\Hani Computer\deepfake_project\Data\test\fake\000000_x_0_229.png,1,fake,test
C:\Users\Hani Computer\deepfake_project\Data\test\fake\000000_x_0_23.png,1,fake,test
C:\Users\Hani Computer\deepfake_project\Data\test\fake\000000_x_0_230.png,1,fake,test
C:\Users\Hani Computer\deepfake_project\Data\test\fake\000000_x_0_231.png,1,fake,test
C:\Users\Hani Computer\deepfake_project\Data\test\fake\000000_x_0_232.png,1,fake,test
C:\Users\Hani Computer\deepfake_project\Data\test\fake\000000_x_0_233.png,1,fake,test
C:\Users\Hani Computer\deepfake_project\Data\test\fake\000000_x_0_234.png,1,fake,test
C:\Users\Hani Computer\deepfake_project\Data\test\fake\000000_x_0_235.png,1,fake,test
C:\Users\Hani Computer\deepfake_project\Data\test\fake\000000_x_0_236.png,1,fake,test
C:\Users\Hani Computer\deepfake_project\Data\test\fake\000000_x_0_237.png,1,fake,test
C:\Users\Hani Computer\deepfake_project\Data\test\fake\000000_x_0_238.png,1,fake,test
C:\Users\Hani Computer\deepfake_project\Data\test\fake\000000_x_0_239.png,1,fake,test
C:\Users\Hani Computer\deepfake_project\Data\test\fake\000000_x_0_24.png,1,fake,test
C:\Users\Hani Computer\deepfake_project\Data\test\fake\000000_x_0_240.png,1,fake,test
C:\Users\Hani Computer\deepfake_project\Data\test\fake\000000_x_0_241.png,1,fake,test
C:\Users\Hani Computer\deepfake_project\Data\test\fake\000000_x_0_242.png,1,fake,test
C:\Users\Hani Computer\deepfake_project\Data\test\fake\000000_x_0_243.png,1,fake,test
C:\Users\Hani Computer\deepfake_project\Data\test\fake\000000_x_0_244.png,1,fake,test
C:\Users\Hani Computer\deepfake_project\Data\test\fake\000000_x_0_245.png,1,fake,test
C:\Users\Hani Computer\deepfake_project\Data\test\fake\000000_x_0_246.png,1,fake,test
C:\Users\Hani Computer\deepfake_project\Data\test\fake\000000_x_0_247.png,1,fake,test
C:\Users\Hani Computer\deepfake_project\Data\test\fake\000000_x_0_248.png,1,fake,test
C:\Users\Hani Computer\deepfake_project\Data\test\fake\000000_x_0_249.png,1,fake,test
C:\Users\Hani Computer\deepfake_project\Data\test\fake\000000_x_0_25.png,1,fake,test
C:\Users\Hani Computer\deepfake_project\Data\test\fake\000000_x_0_250.png,1,fake,test
C:\Users\Hani Computer\deepfake_project\Data\test\fake\000000_x_0_251.png,1,fake,test
C:\Users\Hani Computer\deepfake_project\Data\test\fake\000000_x_0_252.png,1,fake,test
C:\Users\Hani Computer\deepfake_project\Data\test\fake\000000_x_0_253.png,1,fake,test
C:\Users\Hani Computer\deepfake_project\Data\test\fake\000000_x_0_254.png,1,fake,test
C:\Users\Hani Computer\deepfake_project\Data\test\fake\000000_x_0_255.png,1,fake,test
C:\Users\Hani Computer\deepfake_project\Data\test\fake\000000_x_0_256.png,1,fake,test
C:\Users\Hani Computer\deepfake_project\Data\test\fake\000000_x_0_257.png,1,fake,test
C:\Users\Hani Computer\deepfake_project\Data\test\fake\000000_x_0_258.png,1,fake,test
C:\Users\Hani Computer\deepfake_project\Data\test\fake\000000_x_0_259.png,1,fake,test
C:\Users\Hani Computer\deepfake_project\Data\test\fake\000000_x_0_26.png,1,fake,test
C:\Users\Hani Computer\deepfake_project\Data\test\fake\000000_x_0_260.png,1,fake,test
C:\Users\Hani Computer\deepfake_project\Data\test\fake\000000_x_0_261.png,1,fake,test
C:\Users\Hani Computer\deepfake_project\Data\test\fake\000000_x_0_262.png,1,fake,test
C:\Users\Hani Computer\deepfake_project\Data\test\fake\000000_x_0_263.png,1,fake,test
C:\Users\Hani Computer\deepfake_project\Data\test\fake\000000_x_0_264.png,1,fake,test
C:\Users\Hani Computer\deepfake_project\Data\test\fake\000000_x_0_265.png,1,fake,test
C:\Users\Hani Computer\deepfake_project\Data\test\fake\000000_x_0_266.png,1,fake,test
C:\Users\Hani Computer\deepfake_project\Data\test\fake\000000_x_0_267.png,1,fake,test
C:\Users\Hani Computer\deepfake_project\Data\test\fake\000000_x_0_268.png,1,fake,test
C:\Users\Hani Computer\deepfake_project\Data\test\fake\000000_x_0_269.png,1,fake,test
C:\Users\Hani Computer\deepfake_project\Data\test\fake\000000_x_0_27.png,1,fake,test
C:\Users\Hani Computer\deepfake_project\Data\test\fake\000000_x_0_270.png,1,fake,test
C:\Users\Hani Computer\deepfake_project\Data\test\fake\000000_x_0_271.png,1,fake,test
C:\Users\Hani Computer\deepfake_project\Data\test\fake\000000_x_0_272.png,1,fake,test
C:\Users\Hani Computer\deepfake_project\Data\test\fake\000000_x_0_273.png,1,fake,test
C:\Users\Hani Computer\deepfake_project\Data\test\fake\000000_x_0_274.png,1,fake,test
C:\Users\Hani Computer\deepfake_project\Data\test\fake\000000_x_0_275.png,1,fake,test
C:\Users\Hani Computer\deepfake_project\Data\test\fake\000000_x_0_276.png,1,fake,test
C:\Users\Hani Computer\deepfake_project\Data\test\fake\000000_x_0_277.png,1,fake,test
C:\Users\Hani Computer\deepfake_project\Data\test\fake\000000_x_0_278.png,1,fake,test
C:\Users\Hani Computer\deepfake_project\Data\test\fake\000000_x_0_279.png,1,fake,test
C:\Users\Hani Computer\deepfake_project\Data\test\fake\000000_x_0_28.png,1,fake,test
C:\Users\Hani Computer\deepfake_project\Data\test\fake\000000_x_0_280.png,1,fake,test
C:\Users\Hani Computer\deepfake_project\Data\test\fake\000000_x_0_281.png,1,fake,test
C:\Users\Hani Computer\deepfake_project\Data\test\fake\000000_x_0_282.png,1,fake,test
C:\Users\Hani Computer\deepfake_project\Data\test\fake\000000_x_0_283.png,1,fake,test
C:\Users\Hani Computer\deepfake_project\Data\test\fake\000000_x_0_284.png,1,fake,test
C:\Users\Hani Computer\deepfake_project\Data\test\fake\000000_x_0_285.png,1,fake,test
C:\Users\Hani Computer\deepfake_project\Data\test\fake\000000_x_0_286.png,1,fake,test
C:\Users\Hani Computer\deepfake_project\Data\test\fake\000000_x_0_287.png,1,fake,test
C:\Users\Hani Computer\deepfake_project\Data\test\fake\000000_x_0_288.png,1,fake,test
C:\Users\Hani Computer\deepfake_project\Data\test\fake\000000_x_0_289.png,1,fake,test
C:\Users\Hani Computer\deepfake_project\Data\test\fake\000000_x_0_29.png,1,fake,test
C:\Users\Hani Computer\deepfake_project\Data\test\fake\000000_x_0_290.png,1,fake,test
C:\Users\Hani Computer\deepfake_project\Data\test\fake\000000_x_0_291.png,1,fake,test
C:\Users\Hani Computer\deepfake_project\Data\test\fake\000000_x_0_292.png,1,fake,test
C:\Users\Hani Computer\deepfake_project\Data\test\fake\000000_x_0_293.png,1,fake,test
C:\Users\Hani Computer\deepfake_project\Data\test\fake\000000_x_0_294.png,1,fake,test
C:\Users\Hani Computer\deepfake_project\Data\test\fake\000000_x_0_295.png,1,fake,test
C:\Users\Hani Computer\deepfake_project\Data\test\fake\000000_x_0_296.png,1,fake,test
C:\Users\Hani Computer\deepfake_project\Data\test\fake\000000_x_0_297.png,1,fake,test
C:\Users\Hani Computer\deepfake_project\Data\test\fake\000000_x_0_298.png,1,fake,test
C:\Users\Hani Computer\deepfake_project\Data\test\fake\000000_x_0_299.png,1,fake,test
C:\Users\Hani Computer\deepfake_project\Data\test\fake\000000_x_0_3.png,1,fake,test
C:\Users\Hani Computer\deepfake_project\Data\test\fake\000000_x_0_30.png,1,fake,test
C:\Users\Hani Computer\deepfake_project\Data\test\fake\000000_x_0_300.png,1,fake,test
C:\Users\Hani Computer\deepfake_project\Data\test\fake\000000_x_0_301.png,1,fake,test
C:\Users\Hani Computer\deepfake_project\Data\test\fake\000000_x_0_302.png,1,fake,test
C:\Users\Hani Computer\deepfake_project\Data\test\fake\000000_x_0_303.png,1,fake,test
C:\Users\Hani Computer\deepfake_project\Data\test\fake\000000_x_0_304.png,1,fake,test
C:\Users\Hani Computer\deepfake_project\Data\test\fake\000000_x_0_305.png,1,fake,test
C:\Users\Hani Computer\deepfake_project\Data\test\fake\000000_x_0_306.png,1,fake,test
C:\Users\Hani Computer\deepfake_project\Data\test\fake\000000_x_0_307.png,1,fake,test
C:\Users\Hani Computer\deepfake_project\Data\test\fake\000000_x_0_308.png,1,fake,test
C:\Users\Hani Computer\deepfake_project\Data\test\fake\000000_x_0_309.png,1,fake,test
C:\Users\Hani Computer\deepfake_project\Data\test\fake\000000_x_0_31.png,1,fake,test
C:\Users\Hani Computer\deepfake_project\Data\test\fake\000000_x_0_310.png,1,fake,test
C:\Users\Hani Computer\deepfake_project\Data\test\fake\000000_x_0_311.png,1,fake,test
C:\Users\Hani Computer\deepfake_project\Data\test\fake\000000_x_0_312.png,1,fake,test
C:\Users\Hani Computer\deepfake_project\Data\test\fake\000000_x_0_313.png,1,fake,test
C:\Users\Hani Computer\deepfake_project\Data\test\fake\000000_x_0_314.png,1,fake,test
C:\Users\Hani Computer\deepfake_project\Data\test\fake\000000_x_0_315.png,1,fake,test
C:\Users\Hani Computer\deepfake_project\Data\test\fake\000000_x_0_316.png,1,fake,test
C:\Users\Hani Computer\deepfake_project\Data\test\fake\000000_x_0_317.png,1,fake,test
C:\Users\Hani Computer\deepfake_project\Data\test\fake\000000_x_0_318.png,1,fake,test
C:\Users\Hani Computer\deepfake_project\Data\test\fake\000000_x_0_319.png,1,fake,test
C:\Users\Hani Computer\deepfake_project\Data\test\fake\000000_x_0_32.png,1,fake,test
C:\Users\Hani Computer\deepfake_project\Data\test\fake\000000_x_0_320.png,1,fake,test
C:\Users\Hani Computer\deepfake_project\Data\test\fake\000000_x_0_321.png,1,fake,test
C:\Users\Hani Computer\deepfake_project\Data\test\fake\000000_x_0_322.png,1,fake,test
C:\Users\Hani Computer\deepfake_project\Data\test\fake\000000_x_0_323.png,1,fake,test
C:\Users\Hani Computer\deepfake_project\Data\test\fake\000000_x_0_324.png,1,fake,test
C:\Users\Hani Computer\deepfake_project\Data\test\fake\000000_x_0_325.png,1,fake,test
C:\Users\Hani Computer\deepfake_project\Data\test\fake\000000_x_0_326.png,1,fake,test
C:\Users\Hani Computer\deepfake_project\Data\test\fake\000000_x_0_327.png,1,fake,test
C:\Users\Hani Computer\deepfake_project\Data\test\fake\000000_x_0_328.png,1,fake,test
C:\Users\Hani Computer\deepfake_project\Data\test\fake\000000_x_0_329.png,1,fake,test
C:\Users\Hani Computer\deepfake_project\Data\test\fake\000000_x_0_33.png,1,fake,test
C:\Users\Hani Computer\deepfake_project\Data\test\fake\000000_x_0_330.png,1,fake,test
C:\Users\Hani Computer\deepfake_project\Data\test\fake\000000_x_0_331.png,1,fake,test
C:\Users\Hani Computer\deepfake_project\Data\test\fake\000000_x_0_332.png,1,fake,test
C:\Users\Hani Computer\deepfake_project\Data\test\fake\000000_x_0_333.png,1,fake,test
C:\Users\Hani Computer\deepfake_project\Data\test\fake\000000_x_0_334.png,1,fake,test
C:\Users\Hani Computer\deepfake_project\Data\test\fake\000000_x_0_335.png,1,fake,test
C:\Users\Hani Computer\deepfake_project\Data\test\fake\000000_x_0_336.png,1,fake,test
C:\Users\Hani Computer\deepfake_project\Data\test\fake\000000_x_0_337.png,1,fake,test
C:\Users\Hani Computer\deepfake_project\Data\test\fake\000000_x_0_338.png,1,fake,test
C:\Users\Hani Computer\deepfake_project\Data\test\fake\000000_x_0_339.png,1,fake,test
C:\Users\Hani Computer\deepfake_project\Data\test\fake\000000_x_0_34.png,1,fake,test
C:\Users\Hani Computer\deepfake_project\Data\test\fake\000000_x_0_340.png,1,fake,test
C:\Users\Hani Computer\deepfake_project\Data\test\fake\000000_x_0_341.png,1,fake,test
C:\Users\Hani Computer\deepfake_project\Data\test\fake\000000_x_0_342.png,1,fake,test
C:\Users\Hani Computer\deepfake_project\Data\test\fake\000000_x_0_343.png,1,fake,test
C:\Users\Hani Computer\deepfake_project\Data\test\fake\000000_x_0_344.png,1,fake,test
C:\Users\Hani Computer\deepfake_project\Data\test\fake\000000_x_0_345.png,1,fake,test
C:\Users\Hani Computer\deepfake_project\Data\test\fake\000000_x_0_346.png,1,fake,test
C:\Users\Hani Computer\deepfake_project\Data\test\fake\000000_x_0_347.png,1,fake,test
C:\Users\Hani Computer\deepfake_project\Data\test\fake\000000_x_0_348.png,1,fake,test
C:\Users\Hani Computer\deepfake_project\Data\test\fake\000000_x_0_349.png,1,fake,test
C:\Users\Hani Computer\deepfake_project\Data\test\fake\000000_x_0_35.png,1,fake,test
C:\Users\Hani Computer\deepfake_project\Data\test\fake\000000_x_0_350.png,1,fake,test
C:\Users\Hani Computer\deepfake_project\Data\test\fake\000000_x_0_351.png,1,fake,test
C:\Users\Hani Computer\deepfake_project\Data\test\fake\000000_x_0_352.png,1,fake,test
C:\Users\Hani Computer\deepfake_project\Data\test\fake\000000_x_0_353.png,1,fake,test
C:\Users\Hani Computer\deepfake_project\Data\test\fake\000000_x_0_354.png,1,fake,test
C:\Users\Hani Computer\deepfake_project\Data\test\fake\000000_x_0_355.png,1,fake,test
C:\Users\Hani Computer\deepfake_project\Data\test\fake\000000_x_0_356.png,1,fake,test
C:\Users\Hani Computer\deepfake_project\Data\test\fake\000000_x_0_357.png,1,fake,test
C:\Users\Hani Computer\deepfake_project\Data\test\fake\000000_x_0_358.png,1,fake,test
C:\Users\Hani Computer\deepfake_project\Data\test\fake\000000_x_0_359.png,1,fake,test
C:\Users\Hani Computer\deepfake_project\Data\test\fake\000000_x_0_36.png,1,fake,test
C:\Users\Hani Computer\deepfake_project\Data\test\fake\000000_x_0_360.png,1,fake,test
C:\Users\Hani Computer\deepfake_project\Data\test\fake\000000_x_0_361.png,1,fake,test
C:\Users\Hani Computer\deepfake_project\Data\test\fake\000000_x_0_362.png,1,fake,test
C:\Users\Hani Computer\deepfake_project\Data\test\fake\000000_x_0_363.png,1,fake,test
C:\Users\Hani Computer\deepfake_project\Data\test\fake\000000_x_0_364.png,1,fake,test
C:\Users\Hani Computer\deepfake_project\Data\test\fake\000000_x_0_365.png,1,fake,test
C:\Users\Hani Computer\deepfake_project\Data\test\fake\000000_x_0_366.png,1,fake,test
C:\Users\Hani Computer\deepfake_project\Data\test\fake\000000_x_0_367.png,1,fake,test
C:\Users\Hani Computer\deepfake_project\Data\test\fake\000000_x_0_368.png,1,fake,test
C:\Users\Hani Computer\deepfake_project\Data\test\fake\000000_x_0_369.png,1,fake,test
C:\Users\Hani Computer\deepfake_project\Data\test\fake\000000_x_0_37.png,1,fake,test
C:\Users\Hani Computer\deepfake_project\Data\test\fake\000000_x_0_370.png,1,fake,test
C:\Users\Hani Computer\deepfake_project\Data\test\fake\000000_x_0_371.png,1,fake,test
C:\Users\Hani Computer\deepfake_project\Data\test\fake\000000_x_0_372.png,1,fake,test
C:\Users\Hani Computer\deepfake_project\Data\test\fake\000000_x_0_373.png,1,fake,test
C:\Users\Hani Computer\deepfake_project\Data\test\fake\000000_x_0_374.png,1,fake,test
C:\Users\Hani Computer\deepfake_project\Data\test\fake\000000_x_0_375.png,1,fake,test
C:\Users\Hani Computer\deepfake_project\Data\test\fake\000000_x_0_376.png,1,fake,test
C:\Users\Hani Computer\deepfake_project\Data\test\fake\000000_x_0_377.png,1,fake,test
C:\Users\Hani Computer\deepfake_project\Data\test\fake\000000_x_0_378.png,1,fake,test
C:\Users\Hani Computer\deepfake_project\Data\test\fake\000000_x_0_379.png,1,fake,test
C:\Users\Hani Computer\deepfake_project\Data\test\fake\000000_x_0_38.png,1,fake,test
C:\Users\Hani Computer\deepfake_project\Data\test\fake\000000_x_0_380.png,1,fake,test
C:\Users\Hani Computer\deepfake_project\Data\test\fake\000000_x_0_381.png,1,fake,test
C:\Users\Hani Computer\deepfake_project\Data\test\fake\000000_x_0_382.png,1,fake,test
C:\Users\Hani Computer\deepfake_project\Data\test\fake\000000_x_0_383.png,1,fake,test
C:\Users\Hani Computer\deepfake_project\Data\test\fake\000000_x_0_384.png,1,fake,test
C:\Users\Hani Computer\deepfake_project\Data\test\fake\000000_x_0_385.png,1,fake,test
C:\Users\Hani Computer\deepfake_project\Data\test\fake\000000_x_0_386.png,1,fake,test
C:\Users\Hani Computer\deepfake_project\Data\test\fake\000000_x_0_387.png,1,fake,test
C:\Users\Hani Computer\deepfake_project\Data\test\fake\000000_x_0_388.png,1,fake,test
C:\Users\Hani Computer\deepfake_project\Data\test\fake\000000_x_0_389.png,1,fake,test
C:\Users\Hani Computer\deepfake_project\Data\test\fake\000000_x_0_39.png,1,fake,test
C:\Users\Hani Computer\deepfake_project\Data\test\fake\000000_x_0_390.png,1,fake,test
C:\Users\Hani Computer\deepfake_project\Data\test\fake\000000_x_0_391.png,1,fake,test
C:\Users\Hani Computer\deepfake_project\Data\test\fake\000000_x_0_392.png,1,fake,test
C:\Users\Hani Computer\deepfake_project\Data\test\fake\000000_x_0_393.png,1,fake,test
C:\Users\Hani Computer\deepfake_project\Data\test\fake\000000_x_0_394.png,1,fake,test
C:\Users\Hani Computer\deepfake_project\Data\test\fake\000000_x_0_395.png,1,fake,test
C:\Users\Hani Computer\deepfake_project\Data\test\fake\000000_x_0_396.png,1,fake,test
C:\Users\Hani Computer\deepfake_project\Data\test\fake\000000_x_0_397.png,1,fake,test
C:\Users\Hani Computer\deepfake_project\Data\test\fake\000000_x_0_398.png,1,fake,test
C:\Users\Hani Computer\deepfake_project\Data\test\fake\000000_x_0_399.png,1,fake,test
C:\Users\Hani Computer\deepfake_project\Data\test\fake\000000_x_0_4.png,1,fake,test
C:\Users\Hani Computer\deepfake_project\Data\test\fake\000000_x_0_40.png,1,fake,test
C:\Users\Hani Computer\deepfake_project\Data\test\fake\000000_x_0_400.png,1,fake,test
C:\Users\Hani Computer\deepfake_project\Data\test\fake\000000_x_0_401.png,1,fake,test
C:\Users\Hani Computer\deepfake_project\Data\test\fake\000000_x_0_402.png,1,fake,test
C:\Users\Hani Computer\deepfake_project\Data\test\fake\000000_x_0_403.png,1,fake,test
C:\Users\Hani Computer\deepfake_project\Data\test\fake\000000_x_0_404.png,1,fake,test
C:\Users\Hani Computer\deepfake_project\Data\test\fake\000000_x_0_405.png,1,fake,test
C:\Users\Hani Computer\deepfake_project\Data\test\fake\000000_x_0_406.png,1,fake,test
C:\Users\Hani Computer\deepfake_project\Data\test\fake\000000_x_0_407.png,1,fake,test
C:\Users\Hani Computer\deepfake_project\Data\test\fake\000000_x_0_408.png,1,fake,test
C:\Users\Hani Computer\deepfake_project\Data\test\fake\000000_x_0_409.png,1,fake,test
C:\Users\Hani Computer\deepfake_project\Data\test\fake\000000_x_0_41.png,1,fake,test
C:\Users\Hani Computer\deepfake_project\Data\test\fake\000000_x_0_410.png,1,fake,test
C:\Users\Hani Computer\deepfake_project\Data\test\fake\000000_x_0_411.png,1,fake,test
C:\Users\Hani Computer\deepfake_project\Data\test\fake\000000_x_0_412.png,1,fake,test
C:\Users\Hani Computer\deepfake_project\Data\test\fake\000000_x_0_413.png,1,fake,test
C:\Users\Hani Computer\deepfake_project\Data\test\fake\000000_x_0_414.png,1,fake,test
C:\Users\Hani Computer\deepfake_project\Data\test\fake\000000_x_0_415.png,1,fake,test
C:\Users\Hani Computer\deepfake_project\Data\test\fake\000000_x_0_416.png,1,fake,test
C:\Users\Hani Computer\deepfake_project\Data\test\fake\000000_x_0_417.png,1,fake,test
C:\Users\Hani Computer\deepfake_project\Data\test\fake\000000_x_0_418.png,1,fake,test
C:\Users\Hani Computer\deepfake_project\Data\test\fake\000000_x_0_419.png,1,fake,test
C:\Users\Hani Computer\deepfake_project\Data\test\fake\000000_x_0_42.png,1,fake,test
C:\Users\Hani Computer\deepfake_project\Data\test\fake\000000_x_0_420.png,1,fake,test
C:\Users\Hani Computer\deepfake_project\Data\test\fake\000000_x_0_421.png,1,fake,test
C:\Users\Hani Computer\deepfake_project\Data\test\fake\000000_x_0_422.png,1,fake,test
C:\Users\Hani Computer\deepfake_project\Data\test\fake\000000_x_0_423.png,1,fake,test
C:\Users\Hani Computer\deepfake_project\Data\test\fake\000000_x_0_424.png,1,fake,test
C:\Users\Hani Computer\deepfake_project\Data\test\fake\000000_x_0_425.png,1,fake,test
C:\Users\Hani Computer\deepfake_project\Data\test\fake\000000_x_0_426.png,1,fake,test
C:\Users\Hani Computer\deepfake_project\Data\test\fake\000000_x_0_427.png,1,fake,test
C:\Users\Hani Computer\deepfake_project\Data\test\fake\000000_x_0_428.png,1,fake,test
C:\Users\Hani Computer\deepfake_project\Data\test\fake\000000_x_0_429.png,1,fake,test
C:\Users\Hani Computer\deepfake_project\Data\test\fake\000000_x_0_43.png,1,fake,test
C:\Users\Hani Computer\deepfake_project\Data\test\fake\000000_x_0_430.png,1,fake,test
C:\Users\Hani Computer\deepfake_project\Data\test\fake\000000_x_0_431.png,1,fake,test
C:\Users\Hani Computer\deepfake_project\Data\test\fake\000000_x_0_432.png,1,fake,test
C:\Users\Hani Computer\deepfake_project\Data\test\fake\000000_x_0_433.png,1,fake,test
C:\Users\Hani Computer\deepfake_project\Data\test\fake\000000_x_0_434.png,1,fake,test
C:\Users\Hani Computer\deepfake_project\Data\test\fake\000000_x_0_435.png,1,fake,test
C:\Users\Hani Computer\deepfake_project\Data\test\fake\000000_x_0_436.png,1,fake,test
C:\Users\Hani Computer\deepfake_project\Data\test\fake\000000_x_0_437.png,1,fake,test
C:\Users\Hani Computer\deepfake_project\Data\test\fake\000000_x_0_438.png,1,fake,test
C:\Users\Hani Computer\deepfake_project\Data\test\fake\000000_x_0_439.png,1,fake,test
C:\Users\Hani Computer\deepfake_project\Data\test\fake\000000_x_0_44.png,1,fake,test
C:\Users\Hani Computer\deepfake_project\Data\test\fake\000000_x_0_440.png,1,fake,test
C:\Users\Hani Computer\deepfake_project\Data\test\fake\000000_x_0_441.png,1,fake,test
C:\Users\Hani Computer\deepfake_project\Data\test\fake\000000_x_0_442.png,1,fake,test
C:\Users\Hani Computer\deepfake_project\Data\test\fake\000000_x_0_443.png,1,fake,test
C:\Users\Hani Computer\deepfake_project\Data\test\fake\000000_x_0_444.png,1,fake,test
C:\Users\Hani Computer\deepfake_project\Data\test\fake\000000_x_0_445.png,1,fake,test
C:\Users\Hani Computer\deepfake_project\Data\test\fake\000000_x_0_446.png,1,fake,test
C:\Users\Hani Computer\deepfake_project\Data\test\fake\000000_x_0_447.png,1,fake,test
C:\Users\Hani Computer\deepfake_project\Data\test\fake\000000_x_0_448.png,1,fake,test
C:\Users\Hani Computer\deepfake_project\Data\test\fake\000000_x_0_449.png,1,fake,test
C:\Users\Hani Computer\deepfake_project\Data\test\fake\000000_x_0_45.png,1,fake,test
C:\Users\Hani Computer\deepfake_project\Data\test\fake\000000_x_0_450.png,1,fake,test
C:\Users\Hani Computer\deepfake_project\Data\test\fake\000000_x_0_451.png,1,fake,test
C:\Users\Hani Computer\deepfake_project\Data\test\fake\000000_x_0_452.png,1,fake,test
C:\Users\Hani Computer\deepfake_project\Data\test\fake\000000_x_0_453.png,1,fake,test
C:\Users\Hani Computer\deepfake_project\Data\test\fake\000000_x_0_454.png,1,fake,test
C:\Users\Hani Computer\deepfake_project\Data\test\fake\000000_x_0_455.png,1,fake,test
C:\Users\Hani Computer\deepfake_project\Data\test\fake\000000_x_0_456.png,1,fake,test
C:\Users\Hani Computer\deepfake_project\Data\test\fake\000000_x_0_457.png,1,fake,test
C:\Users\Hani Computer\deepfake_project\Data\test\fake\000000_x_0_458.png,1,fake,test
C:\Users\Hani Computer\deepfake_project\Data\test\fake\000000_x_0_459.png,1,fake,test
C:\Users\Hani Computer\deepfake_project\Data\test\fake\000000_x_0_46.png,1,fake,test
C:\Users\Hani Computer\deepfake_project\Data\test\fake\000000_x_0_460.png,1,fake,test
C:\Users\Hani Computer\deepfake_project\Data\test\fake\000000_x_0_461.png,1,fake,test
C:\Users\Hani Computer\deepfake_project\Data\test\fake\000000_x_0_462.png,1,fake,test
C:\Users\Hani Computer\deepfake_project\Data\test\fake\000000_x_0_463.png,1,fake,test
C:\Users\Hani Computer\deepfake_project\Data\test\fake\000000_x_0_464.png,1,fake,test
C:\Users\Hani Computer\deepfake_project\Data\test\fake\000000_x_0_465.png,1,fake,test
C:\Users\Hani Computer\deepfake_project\Data\test\fake\000000_x_0_466.png,1,fake,test
C:\Users\Hani Computer\deepfake_project\Data\test\fake\000000_x_0_467.png,1,fake,test
C:\Users\Hani Computer\deepfake_project\Data\test\fake\000000_x_0_468.png,1,fake,test
C:\Users\Hani Computer\deepfake_project\Data\test\fake\000000_x_0_469.png,1,fake,test
C:\Users\Hani Computer\deepfake_project\Data\test\fake\000000_x_0_47.png,1,fake,test
C:\Users\Hani Computer\deepfake_project\Data\test\fake\000000_x_0_470.png,1,fake,test
C:\Users\Hani Computer\deepfake_project\Data\test\fake\000000_x_0_471.png,1,fake,test
C:\Users\Hani Computer\deepfake_project\Data\test\fake\000000_x_0_472.png,1,fake,test
C:\Users\Hani Computer\deepfake_project\Data\test\fake\000000_x_0_473.png,1,fake,test
C:\Users\Hani Computer\deepfake_project\Data\test\fake\000000_x_0_474.png,1,fake,test
C:\Users\Hani Computer\deepfake_project\Data\test\fake\000000_x_0_475.png,1,fake,test
C:\Users\Hani Computer\deepfake_project\Data\test\fake\000000_x_0_476.png,1,fake,test
C:\Users\Hani Computer\deepfake_project\Data\test\fake\000000_x_0_477.png,1,fake,test
C:\Users\Hani Computer\deepfake_project\Data\test\fake\000000_x_0_478.png,1,fake,test
C:\Users\Hani Computer\deepfake_project\Data\test\fake\000000_x_0_479.png,1,fake,test
C:\Users\Hani Computer\deepfake_project\Data\test\fake\000000_x_0_48.png,1,fake,test
C:\Users\Hani Computer\deepfake_project\Data\test\fake\000000_x_0_480.png,1,fake,test
C:\Users\Hani Computer\deepfake_project\Data\test\fake\000000_x_0_481.png,1,fake,test
C:\Users\Hani Computer\deepfake_project\Data\test\fake\000000_x_0_482.png,1,fake,test
C:\Users\Hani Computer\deepfake_project\Data\test\fake\000000_x_0_483.png,1,fake,test
C:\Users\Hani Computer\deepfake_project\Data\test\fake\000000_x_0_484.png,1,fake,test
C:\Users\Hani Computer\deepfake_project\Data\test\fake\000000_x_0_485.png,1,fake,test
C:\Users\Hani Computer\deepfake_project\Data\test\fake\000000_x_0_486.png,1,fake,test
C:\Users\Hani Computer\deepfake_project\Data\test\fake\000000_x_0_487.png,1,fake,test
C:\Users\Hani Computer\deepfake_project\Data\test\fake\000000_x_0_488.png,1,fake,test
C:\Users\Hani Computer\deepfake_project\Data\test\fake\000000_x_0_489.png,1,fake,test
C:\Users\Hani Computer\deepfake_project\Data\test\fake\000000_x_0_49.png,1,fake,test
C:\Users\Hani Computer\deepfake_project\Data\test\fake\000000_x_0_490.png,1,fake,test
C:\Users\Hani Computer\deepfake_project\Data\test\fake\000000_x_0_491.png,1,fake,test
C:\Users\Hani Computer\deepfake_project\Data\test\fake\000000_x_0_492.png,1,fake,test
C:\Users\Hani Computer\deepfake_project\Data\test\fake\000000_x_0_493.png,1,fake,test
C:\Users\Hani Computer\deepfake_project\Data\test\fake\000000_x_0_494.png,1,fake,test
C:\Users\Hani Computer\deepfake_project\Data\test\fake\000000_x_0_495.png,1,fake,test
C:\Users\Hani Computer\deepfake_project\Data\test\fake\000000_x_0_496.png,1,fake,test
C:\Users\Hani Computer\deepfake_project\Data\test\fake\000000_x_0_497.png,1,fake,test
C:\Users\Hani Computer\deepfake_project\Data\test\fake\000000_x_0_498.png,1,fake,test
C:\Users\Hani Computer\deepfake_project\Data\test\fake\000000_x_0_499.png,1,fake,test
C:\Users\Hani Computer\deepfake_project\Data\test\fake\000000_x_0_5.png,1,fake,test
C:\Users\Hani Computer\deepfake_project\Data\test\fake\000000_x_0_50.png,1,fake,test
C:\Users\Hani Computer\deepfake_project\Data\test\fake\000000_x_0_500.png,1,fake,test
C:\Users\Hani Computer\deepfake_project\Data\test\fake\000000_x_0_501.png,1,fake,test
C:\Users\Hani Computer\deepfake_project\Data\test\fake\000000_x_0_502.png,1,fake,test
C:\Users\Hani Computer\deepfake_project\Data\test\fake\000000_x_0_503.png,1,fake,test
C:\Users\Hani Computer\deepfake_project\Data\test\fake\000000_x_0_504.png,1,fake,test
C:\Users\Hani Computer\deepfake_project\Data\test\fake\000000_x_0_505.png,1,fake,test
C:\Users\Hani Computer\deepfake_project\Data\test\fake\000000_x_0_506.png,1,fake,test
C:\Users\Hani Computer\deepfake_project\Data\test\fake\000000_x_0_507.png,1,fake,test
C:\Users\Hani Computer\deepfake_project\Data\test\fake\000000_x_0_508.png,1,fake,test
C:\Users\Hani Computer\deepfake_project\Data\test\fake\000000_x_0_509.png,1,fake,test
C:\Users\Hani Computer\deepfake_project\Data\test\fake\000000_x_0_51.png,1,fake,test
C:\Users\Hani Computer\deepfake_project\Data\test\fake\000000_x_0_510.png,1,fake,test
C:\Users\Hani Computer\deepfake_project\Data\test\fake\000000_x_0_511.png,1,fake,test
C:\Users\Hani Computer\deepfake_project\Data\test\fake\000000_x_0_512.png,1,fake,test
C:\Users\Hani Computer\deepfake_project\Data\test\fake\000000_x_0_513.png,1,fake,test
C:\Users\Hani Computer\deepfake_project\Data\test\fake\000000_x_0_514.png,1,fake,test
C:\Users\Hani Computer\deepfake_project\Data\test\fake\000000_x_0_515.png,1,fake,test
C:\Users\Hani Computer\deepfake_project\Data\test\fake\000000_x_0_516.png,1,fake,test
C:\Users\Hani Computer\deepfake_project\Data\test\fake\000000_x_0_517.png,1,fake,test
C:\Users\Hani Computer\deepfake_project\Data\test\fake\000000_x_0_518.png,1,fake,test
C:\Users\Hani Computer\deepfake_project\Data\test\fake\000000_x_0_519.png,1,fake,test
C:\Users\Hani Computer\deepfake_project\Data\test\fake\000000_x_0_52.png,1,fake,test
C:\Users\Hani Computer\deepfake_project\Data\test\fake\000000_x_0_520.png,1,fake,test
C:\Users\Hani Computer\deepfake_project\Data\test\fake\000000_x_0_521.png,1,fake,test
C:\Users\Hani Computer\deepfake_project\Data\test\fake\000000_x_0_522.png,1,fake,test
C:\Users\Hani Computer\deepfake_project\Data\test\fake\000000_x_0_523.png,1,fake,test
C:\Users\Hani Computer\deepfake_project\Data\test\fake\000000_x_0_524.png,1,fake,test
C:\Users\Hani Computer\deepfake_project\Data\test\fake\000000_x_0_525.png,1,fake,test
C:\Users\Hani Computer\deepfake_project\Data\test\fake\000000_x_0_526.png,1,fake,test
C:\Users\Hani Computer\deepfake_project\Data\test\fake\000000_x_0_527.png,1,fake,test
C:\Users\Hani Computer\deepfake_project\Data\test\fake\000000_x_0_528.png,1,fake,test
C:\Users\Hani Computer\deepfake_project\Data\test\fake\000000_x_0_529.png,1,fake,test
C:\Users\Hani Computer\deepfake_project\Data\test\fake\000000_x_0_53.png,1,fake,test
C:\Users\Hani Computer\deepfake_project\Data\test\fake\000000_x_0_530.png,1,fake,test
C:\Users\Hani Computer\deepfake_project\Data\test\fake\000000_x_0_531.png,1,fake,test
C:\Users\Hani Computer\deepfake_project\Data\test\fake\000000_x_0_532.png,1,fake,test
C:\Users\Hani Computer\deepfake_project\Data\test\fake\000000_x_0_533.png,1,fake,test
C:\Users\Hani Computer\deepfake_project\Data\test\fake\000000_x_0_534.png,1,fake,test
C:\Users\Hani Computer\deepfake_project\Data\test\fake\000000_x_0_535.png,1,fake,test
C:\Users\Hani Computer\deepfake_project\Data\test\fake\000000_x_0_536.png,1,fake,test
C:\Users\Hani Computer\deepfake_project\Data\test\fake\000000_x_0_537.png,1,fake,test
C:\Users\Hani Computer\deepfake_project\Data\test\fake\000000_x_0_538.png,1,fake,test
C:\Users\Hani Computer\deepfake_project\Data\test\fake\000000_x_0_539.png,1,fake,test
C:\Users\Hani Computer\deepfake_project\Data\test\fake\000000_x_0_54.png,1,fake,test
C:\Users\Hani Computer\deepfake_project\Data\test\fake\000000_x_0_540.png,1,fake,test
C:\Users\Hani Computer\deepfake_project\Data\test\fake\000000_x_0_541.png,1,fake,test
C:\Users\Hani Computer\deepfake_project\Data\test\fake\000000_x_0_542.png,1,fake,test
C:\Users\Hani Computer\deepfake_project\Data\test\fake\000000_x_0_543.png,1,fake,test
C:\Users\Hani Computer\deepfake_project\Data\test\fake\000000_x_0_544.png,1,fake,test
C:\Users\Hani Computer\deepfake_project\Data\test\fake\000000_x_0_545.png,1,fake,test
C:\Users\Hani Computer\deepfake_project\Data\test\fake\000000_x_0_546.png,1,fake,test
C:\Users\Hani Computer\deepfake_project\Data\test\fake\000000_x_0_547.png,1,fake,test
C:\Users\Hani Computer\deepfake_project\Data\test\fake\000000_x_0_548.png,1,fake,test
C:\Users\Hani Computer\deepfake_project\Data\test\fake\000000_x_0_549.png,1,fake,test
C:\Users\Hani Computer\deepfake_project\Data\test\fake\000000_x_0_55.png,1,fake,test
C:\Users\Hani Computer\deepfake_project\Data\test\fake\000000_x_0_550.png,1,fake,test
C:\Users\Hani Computer\deepfake_project\Data\test\fake\000000_x_0_551.png,1,fake,test
C:\Users\Hani Computer\deepfake_project\Data\test\fake\000000_x_0_552.png,1,fake,test
C:\Users\Hani Computer\deepfake_project\Data\test\fake\000000_x_0_553.png,1,fake,test
C:\Users\Hani Computer\deepfake_project\Data\test\fake\000000_x_0_554.png,1,fake,test
C:\Users\Hani Computer\deepfake_project\Data\test\fake\000000_x_0_555.png,1,fake,test
C:\Users\Hani Computer\deepfake_project\Data\test\fake\000000_x_0_556.png,1,fake,test
C:\Users\Hani Computer\deepfake_project\Data\test\fake\000000_x_0_557.png,1,fake,test
C:\Users\Hani Computer\deepfake_project\Data\test\fake\000000_x_0_558.png,1,fake,test
C:\Users\Hani Computer\deepfake_project\Data\test\fake\000000_x_0_559.png,1,fake,test
C:\Users\Hani Computer\deepfake_project\Data\test\fake\000000_x_0_56.png,1,fake,test
C:\Users\Hani Computer\deepfake_project\Data\test\fake\000000_x_0_560.png,1,fake,test
C:\Users\Hani Computer\deepfake_project\Data\test\fake\000000_x_0_561.png,1,fake,test
C:\Users\Hani Computer\deepfake_project\Data\test\fake\000000_x_0_562.png,1,fake,test
C:\Users\Hani Computer\deepfake_project\Data\test\fake\000000_x_0_563.png,1,fake,test
C:\Users\Hani Computer\deepfake_project\Data\test\fake\000000_x_0_564.png,1,fake,test
C:\Users\Hani Computer\deepfake_project\Data\test\fake\000000_x_0_565.png,1,fake,test
C:\Users\Hani Computer\deepfake_project\Data\test\fake\000000_x_0_566.png,1,fake,test
C:\Users\Hani Computer\deepfake_project\Data\test\fake\000000_x_0_567.png,1,fake,test
C:\Users\Hani Computer\deepfake_project\Data\test\fake\000000_x_0_568.png,1,fake,test
C:\Users\Hani Computer\deepfake_project\Data\test\fake\000000_x_0_569.png,1,fake,test
C:\Users\Hani Computer\deepfake_project\Data\test\fake\000000_x_0_57.png,1,fake,test
C:\Users\Hani Computer\deepfake_project\Data\test\fake\000000_x_0_570.png,1,fake,test
C:\Users\Hani Computer\deepfake_project\Data\test\fake\000000_x_0_571.png,1,fake,test
C:\Users\Hani Computer\deepfake_project\Data\test\fake\000000_x_0_572.png,1,fake,test
C:\Users\Hani Computer\deepfake_project\Data\test\fake\000000_x_0_573.png,1,fake,test
C:\Users\Hani Computer\deepfake_project\Data\test\fake\000000_x_0_574.png,1,fake,test
C:\Users\Hani Computer\deepfake_project\Data\test\fake\000000_x_0_575.png,1,fake,test
C:\Users\Hani Computer\deepfake_project\Data\test\fake\000000_x_0_576.png,1,fake,test
C:\Users\Hani Computer\deepfake_project\Data\test\fake\000000_x_0_577.png,1,fake,test
C:\Users\Hani Computer\deepfake_project\Data\test\fake\000000_x_0_578.png,1,fake,test
C:\Users\Hani Computer\deepfake_project\Data\test\fake\000000_x_0_579.png,1,fake,test
C:\Users\Hani Computer\deepfake_project\Data\test\fake\000000_x_0_58.png,1,fake,test
C:\Users\Hani Computer\deepfake_project\Data\test\fake\000000_x_0_580.png,1,fake,test
C:\Users\Hani Computer\deepfake_project\Data\test\fake\000000_x_0_581.png,1,fake,test
C:\Users\Hani Computer\deepfake_project\Data\test\fake\000000_x_0_582.png,1,fake,test
C:\Users\Hani Computer\deepfake_project\Data\test\fake\000000_x_0_583.png,1,fake,test
C:\Users\Hani Computer\deepfake_project\Data\test\fake\000000_x_0_584.png,1,fake,test
C:\Users\Hani Computer\deepfake_project\Data\test\fake\000000_x_0_585.png,1,fake,test
C:\Users\Hani Computer\deepfake_project\Data\test\fake\000000_x_0_586.png,1,fake,test
C:\Users\Hani Computer\deepfake_project\Data\test\fake\000000_x_0_587.png,1,fake,test
C:\Users\Hani Computer\deepfake_project\Data\test\fake\000000_x_0_588.png,1,fake,test
C:\Users\Hani Computer\deepfake_project\Data\test\fake\000000_x_0_589.png,1,fake,test
C:\Users\Hani Computer\deepfake_project\Data\test\fake\000000_x_0_59.png,1,fake,test
C:\Users\Hani Computer\deepfake_project\Data\test\fake\000000_x_0_590.png,1,fake,test
C:\Users\Hani Computer\deepfake_project\Data\test\fake\000000_x_0_591.png,1,fake,test
C:\Users\Hani Computer\deepfake_project\Data\test\fake\000000_x_0_592.png,1,fake,test
C:\Users\Hani Computer\deepfake_project\Data\test\fake\000000_x_0_593.png,1,fake,test
C:\Users\Hani Computer\deepfake_project\Data\test\fake\000000_x_0_594.png,1,fake,test
C:\Users\Hani Computer\deepfake_project\Data\test\fake\000000_x_0_595.png,1,fake,test
C:\Users\Hani Computer\deepfake_project\Data\test\fake\000000_x_0_596.png,1,fake,test
C:\Users\Hani Computer\deepfake_project\Data\test\fake\000000_x_0_597.png,1,fake,test
C:\Users\Hani Computer\deepfake_project\Data\test\fake\000000_x_0_598.png,1,fake,test
C:\Users\Hani Computer\deepfake_project\Data\test\fake\000000_x_0_599.png,1,fake,test
C:\Users\Hani Computer\deepfake_project\Data\test\fake\000000_x_0_6.png,1,fake,test
C:\Users\Hani Computer\deepfake_project\Data\test\fake\000000_x_0_60.png,1,fake,test
C:\Users\Hani Computer\deepfake_project\Data\test\fake\000000_x_0_600.png,1,fake,test
C:\Users\Hani Computer\deepfake_project\Data\test\fake\000000_x_0_601.png,1,fake,test
C:\Users\Hani Computer\deepfake_project\Data\test\fake\000000_x_0_602.png,1,fake,test
C:\Users\Hani Computer\deepfake_project\Data\test\fake\000000_x_0_603.png,1,fake,test
C:\Users\Hani Computer\deepfake_project\Data\test\fake\000000_x_0_604.png,1,fake,test
C:\Users\Hani Computer\deepfake_project\Data\test\fake\000000_x_0_605.png,1,fake,test
C:\Users\Hani Computer\deepfake_project\Data\test\fake\000000_x_0_606.png,1,fake,test
C:\Users\Hani Computer\deepfake_project\Data\test\fake\000000_x_0_607.png,1,fake,test
C:\Users\Hani Computer\deepfake_project\Data\test\fake\000000_x_0_608.png,1,fake,test
C:\Users\Hani Computer\deepfake_project\Data\test\fake\000000_x_0_609.png,1,fake,test
C:\Users\Hani Computer\deepfake_project\Data\test\fake\000000_x_0_61.png,1,fake,test
C:\Users\Hani Computer\deepfake_project\Data\test\fake\000000_x_0_610.png,1,fake,test
C:\Users\Hani Computer\deepfake_project\Data\test\fake\000000_x_0_611.png,1,fake,test
C:\Users\Hani Computer\deepfake_project\Data\test\fake\000000_x_0_612.png,1,fake,test
C:\Users\Hani Computer\deepfake_project\Data\test\fake\000000_x_0_613.png,1,fake,test
C:\Users\Hani Computer\deepfake_project\Data\test\fake\000000_x_0_614.png,1,fake,test
C:\Users\Hani Computer\deepfake_project\Data\test\fake\000000_x_0_615.png,1,fake,test
C:\Users\Hani Computer\deepfake_project\Data\test\fake\000000_x_0_616.png,1,fake,test
C:\Users\Hani Computer\deepfake_project\Data\test\fake\000000_x_0_617.png,1,fake,test
C:\Users\Hani Computer\deepfake_project\Data\test\fake\000000_x_0_618.png,1,fake,test
C:\Users\Hani Computer\deepfake_project\Data\test\fake\000000_x_0_619.png,1,fake,test
C:\Users\Hani Computer\deepfake_project\Data\test\fake\000000_x_0_62.png,1,fake,test
C:\Users\Hani Computer\deepfake_project\Data\test\fake\000000_x_0_620.png,1,fake,test
C:\Users\Hani Computer\deepfake_project\Data\test\fake\000000_x_0_621.png,1,fake,test
C:\Users\Hani Computer\deepfake_project\Data\test\fake\000000_x_0_622.png,1,fake,test
C:\Users\Hani Computer\deepfake_project\Data\test\fake\000000_x_0_623.png,1,fake,test
C:\Users\Hani Computer\deepfake_project\Data\test\fake\000000_x_0_624.png,1,fake,test
C:\Users\Hani Computer\deepfake_project\Data\test\fake\000000_x_0_625.png,1,fake,test
C:\Users\Hani Computer\deepfake_project\Data\test\fake\000000_x_0_626.png,1,fake,test
C:\Users\Hani Computer\deepfake_project\Data\test\fake\000000_x_0_627.png,1,fake,test
C:\Users\Hani Computer\deepfake_project\Data\test\fake\000000_x_0_628.png,1,fake,test
C:\Users\Hani Computer\deepfake_project\Data\test\fake\000000_x_0_629.png,1,fake,test
C:\Users\Hani Computer\deepfake_project\Data\test\fake\000000_x_0_63.png,1,fake,test
C:\Users\Hani Computer\deepfake_project\Data\test\fake\000000_x_0_630.png,1,fake,test
C:\Users\Hani Computer\deepfake_project\Data\test\fake\000000_x_0_631.png,1,fake,test
C:\Users\Hani Computer\deepfake_project\Data\test\fake\000000_x_0_632.png,1,fake,test
C:\Users\Hani Computer\deepfake_project\Data\test\fake\000000_x_0_633.png,1,fake,test
C:\Users\Hani Computer\deepfake_project\Data\test\fake\000000_x_0_634.png,1,fake,test
C:\Users\Hani Computer\deepfake_project\Data\test\fake\000000_x_0_635.png,1,fake,test
C:\Users\Hani Computer\deepfake_project\Data\test\fake\000000_x_0_636.png,1,fake,test
C:\Users\Hani Computer\deepfake_project\Data\test\fake\000000_x_0_637.png,1,fake,test
C:\Users\Hani Computer\deepfake_project\Data\test\fake\000000_x_0_638.png,1,fake,test
C:\Users\Hani Computer\deepfake_project\Data\test\fake\000000_x_0_639.png,1,fake,test
C:\Users\Hani Computer\deepfake_project\Data\test\fake\000000_x_0_64.png,1,fake,test
C:\Users\Hani Computer\deepfake_project\Data\test\fake\000000_x_0_640.png,1,fake,test
C:\Users\Hani Computer\deepfake_project\Data\test\fake\000000_x_0_641.png,1,fake,test
C:\Users\Hani Computer\deepfake_project\Data\test\fake\000000_x_0_642.png,1,fake,test
C:\Users\Hani Computer\deepfake_project\Data\test\fake\000000_x_0_643.png,1,fake,test
C:\Users\Hani Computer\deepfake_project\Data\test\fake\000000_x_0_644.png,1,fake,test
C:\Users\Hani Computer\deepfake_project\Data\test\fake\000000_x_0_645.png,1,fake,test
C:\Users\Hani Computer\deepfake_project\Data\test\fake\000000_x_0_646.png,1,fake,test
C:\Users\Hani Computer\deepfake_project\Data\test\fake\000000_x_0_647.png,1,fake,test
C:\Users\Hani Computer\deepfake_project\Data\test\fake\000000_x_0_648.png,1,fake,test
C:\Users\Hani Computer\deepfake_project\Data\test\fake\000000_x_0_649.png,1,fake,test
C:\Users\Hani Computer\deepfake_project\Data\test\fake\000000_x_0_65.png,1,fake,test
C:\Users\Hani Computer\deepfake_project\Data\test\fake\000000_x_0_650.png,1,fake,test
C:\Users\Hani Computer\deepfake_project\Data\test\fake\000000_x_0_651.png,1,fake,test
C:\Users\Hani Computer\deepfake_project\Data\test\fake\000000_x_0_652.png,1,fake,test
C:\Users\Hani Computer\deepfake_project\Data\test\fake\000000_x_0_653.png,1,fake,test
C:\Users\Hani Computer\deepfake_project\Data\test\fake\000000_x_0_654.png,1,fake,test
C:\Users\Hani Computer\deepfake_project\Data\test\fake\000000_x_0_655.png,1,fake,test
C:\Users\Hani Computer\deepfake_project\Data\test\fake\000000_x_0_656.png,1,fake,test
C:\Users\Hani Computer\deepfake_project\Data\test\fake\000000_x_0_657.png,1,fake,test
C:\Users\Hani Computer\deepfake_project\Data\test\fake\000000_x_0_658.png,1,fake,test
C:\Users\Hani Computer\deepfake_project\Data\test\fake\000000_x_0_659.png,1,fake,test
C:\Users\Hani Computer\deepfake_project\Data\test\fake\000000_x_0_66.png,1,fake,test
C:\Users\Hani Computer\deepfake_project\Data\test\fake\000000_x_0_660.png,1,fake,test
C:\Users\Hani Computer\deepfake_project\Data\test\fake\000000_x_0_661.png,1,fake,test
C:\Users\Hani Computer\deepfake_project\Data\test\fake\000000_x_0_662.png,1,fake,test
C:\Users\Hani Computer\deepfake_project\Data\test\fake\000000_x_0_663.png,1,fake,test
C:\Users\Hani Computer\deepfake_project\Data\test\fake\000000_x_0_664.png,1,fake,test
C:\Users\Hani Computer\deepfake_project\Data\test\fake\000000_x_0_665.png,1,fake,test
C:\Users\Hani Computer\deepfake_project\Data\test\fake\000000_x_0_666.png,1,fake,test
C:\Users\Hani Computer\deepfake_project\Data\test\fake\000000_x_0_667.png,1,fake,test
C:\Users\Hani Computer\deepfake_project\Data\test\fake\000000_x_0_668.png,1,fake,test
C:\Users\Hani Computer\deepfake_project\Data\test\fake\000000_x_0_669.png,1,fake,test
C:\Users\Hani Computer\deepfake_project\Data\test\fake\000000_x_0_67.png,1,fake,test
C:\Users\Hani Computer\deepfake_project\Data\test\fake\000000_x_0_670.png,1,fake,test
C:\Users\Hani Computer\deepfake_project\Data\test\fake\000000_x_0_671.png,1,fake,test
C:\Users\Hani Computer\deepfake_project\Data\test\fake\000000_x_0_672.png,1,fake,test
C:\Users\Hani Computer\deepfake_project\Data\test\fake\000000_x_0_673.png,1,fake,test
C:\Users\Hani Computer\deepfake_project\Data\test\fake\000000_x_0_674.png,1,fake,test
C:\Users\Hani Computer\deepfake_project\Data\test\fake\000000_x_0_675.png,1,fake,test
C:\Users\Hani Computer\deepfake_project\Data\test\fake\000000_x_0_676.png,1,fake,test
C:\Users\Hani Computer\deepfake_project\Data\test\fake\000000_x_0_677.png,1,fake,test
C:\Users\Hani Computer\deepfake_project\Data\test\fake\000000_x_0_678.png,1,fake,test
C:\Users\Hani Computer\deepfake_project\Data\test\fake\000000_x_0_679.png,1,fake,test
C:\Users\Hani Computer\deepfake_project\Data\test\fake\000000_x_0_68.png,1,fake,test
C:\Users\Hani Computer\deepfake_project\Data\test\fake\000000_x_0_680.png,1,fake,test
C:\Users\Hani Computer\deepfake_project\Data\test\fake\000000_x_0_681.png,1,fake,test
C:\Users\Hani Computer\deepfake_project\Data\test\fake\000000_x_0_682.png,1,fake,test
C:\Users\Hani Computer\deepfake_project\Data\test\fake\000000_x_0_683.png,1,fake,test
C:\Users\Hani Computer\deepfake_project\Data\test\fake\000000_x_0_684.png,1,fake,test
C:\Users\Hani Computer\deepfake_project\Data\test\fake\000000_x_0_685.png,1,fake,test
C:\Users\Hani Computer\deepfake_project\Data\test\fake\000000_x_0_686.png,1,fake,test
C:\Users\Hani Computer\deepfake_project\Data\test\fake\000000_x_0_687.png,1,fake,test
C:\Users\Hani Computer\deepfake_project\Data\test\fake\000000_x_0_688.png,1,fake,test
C:\Users\Hani Computer\deepfake_project\Data\test\fake\000000_x_0_689.png,1,fake,test
C:\Users\Hani Computer\deepfake_project\Data\test\fake\000000_x_0_69.png,1,fake,test
C:\Users\Hani Computer\deepfake_project\Data\test\fake\000000_x_0_690.png,1,fake,test
C:\Users\Hani Computer\deepfake_project\Data\test\fake\000000_x_0_691.png,1,fake,test
C:\Users\Hani Computer\deepfake_project\Data\test\fake\000000_x_0_692.png,1,fake,test
C:\Users\Hani Computer\deepfake_project\Data\test\fake\000000_x_0_693.png,1,fake,test
C:\Users\Hani Computer\deepfake_project\Data\test\fake\000000_x_0_694.png,1,fake,test
C:\Users\Hani Computer\deepfake_project\Data\test\fake\000000_x_0_695.png,1,fake,test
C:\Users\Hani Computer\deepfake_project\Data\test\fake\000000_x_0_696.png,1,fake,test
C:\Users\Hani Computer\deepfake_project\Data\test\fake\000000_x_0_697.png,1,fake,test
C:\Users\Hani Computer\deepfake_project\Data\test\fake\000000_x_0_698.png,1,fake,test
C:\Users\Hani Computer\deepfake_project\Data\test\fake\000000_x_0_699.png,1,fake,test
C:\Users\Hani Computer\deepfake_project\Data\test\fake\000000_x_0_7.png,1,fake,test
C:\Users\Hani Computer\deepfake_project\Data\test\fake\000000_x_0_70.png,1,fake,test
C:\Users\Hani Computer\deepfake_project\Data\test\fake\000000_x_0_700.png,1,fake,test
C:\Users\Hani Computer\deepfake_project\Data\test\fake\000000_x_0_701.png,1,fake,test
C:\Users\Hani Computer\deepfake_project\Data\test\fake\000000_x_0_702.png,1,fake,test
C:\Users\Hani Computer\deepfake_project\Data\test\fake\000000_x_0_703.png,1,fake,test
C:\Users\Hani Computer\deepfake_project\Data\test\fake\000000_x_0_704.png,1,fake,test
C:\Users\Hani Computer\deepfake_project\Data\test\fake\000000_x_0_705.png,1,fake,test
C:\Users\Hani Computer\deepfake_project\Data\test\fake\000000_x_0_706.png,1,fake,test
C:\Users\Hani Computer\deepfake_project\Data\test\fake\000000_x_0_707.png,1,fake,test
C:\Users\Hani Computer\deepfake_project\Data\test\fake\000000_x_0_708.png,1,fake,test
C:\Users\Hani Computer\deepfake_project\Data\test\fake\000000_x_0_709.png,1,fake,test
C:\Users\Hani Computer\deepfake_project\Data\test\fake\000000_x_0_71.png,1,fake,test
C:\Users\Hani Computer\deepfake_project\Data\test\fake\000000_x_0_710.png,1,fake,test
C:\Users\Hani Computer\deepfake_project\Data\test\fake\000000_x_0_711.png,1,fake,test
C:\Users\Hani Computer\deepfake_project\Data\test\fake\000000_x_0_712.png,1,fake,test
C:\Users\Hani Computer\deepfake_project\Data\test\fake\000000_x_0_713.png,1,fake,test
C:\Users\Hani Computer\deepfake_project\Data\test\fake\000000_x_0_714.png,1,fake,test
C:\Users\Hani Computer\deepfake_project\Data\test\fake\000000_x_0_715.png,1,fake,test
C:\Users\Hani Computer\deepfake_project\Data\test\fake\000000_x_0_716.png,1,fake,test
C:\Users\Hani Computer\deepfake_project\Data\test\fake\000000_x_0_717.png,1,fake,test
C:\Users\Hani Computer\deepfake_project\Data\test\fake\000000_x_0_718.png,1,fake,test
C:\Users\Hani Computer\deepfake_project\Data\test\fake\000000_x_0_719.png,1,fake,test
C:\Users\Hani Computer\deepfake_project\Data\test\fake\000000_x_0_72.png,1,fake,test
C:\Users\Hani Computer\deepfake_project\Data\test\fake\000000_x_0_720.png,1,fake,test
C:\Users\Hani Computer\deepfake_project\Data\test\fake\000000_x_0_721.png,1,fake,test
C:\Users\Hani Computer\deepfake_project\Data\test\fake\000000_x_0_722.png,1,fake,test
C:\Users\Hani Computer\deepfake_project\Data\test\fake\000000_x_0_723.png,1,fake,test
C:\Users\Hani Computer\deepfake_project\Data\test\fake\000000_x_0_724.png,1,fake,test
C:\Users\Hani Computer\deepfake_project\Data\test\fake\000000_x_0_725.png,1,fake,test
C:\Users\Hani Computer\deepfake_project\Data\test\fake\000000_x_0_726.png,1,fake,test
C:\Users\Hani Computer\deepfake_project\Data\test\fake\000000_x_0_727.png,1,fake,test
C:\Users\Hani Computer\deepfake_project\Data\test\fake\000000_x_0_728.png,1,fake,test
C:\Users\Hani Computer\deepfake_project\Data\test\fake\000000_x_0_729.png,1,fake,test
C:\Users\Hani Computer\deepfake_project\Data\test\fake\000000_x_0_73.png,1,fake,test
C:\Users\Hani Computer\deepfake_project\Data\test\fake\000000_x_0_730.png,1,fake,test
C:\Users\Hani Computer\deepfake_project\Data\test\fake\000000_x_0_731.png,1,fake,test
C:\Users\Hani Computer\deepfake_project\Data\test\fake\000000_x_0_732.png,1,fake,test
C:\Users\Hani Computer\deepfake_project\Data\test\fake\000000_x_0_733.png,1,fake,test
C:\Users\Hani Computer\deepfake_project\Data\test\fake\000000_x_0_734.png,1,fake,test
C:\Users\Hani Computer\deepfake_project\Data\test\fake\000000_x_0_735.png,1,fake,test
C:\Users\Hani Computer\deepfake_project\Data\test\fake\000000_x_0_736.png,1,fake,test
C:\Users\Hani Computer\deepfake_project\Data\test\fake\000000_x_0_737.png,1,fake,test
C:\Users\Hani Computer\deepfake_project\Data\test\fake\000000_x_0_738.png,1,fake,test
C:\Users\Hani Computer\deepfake_project\Data\test\fake\000000_x_0_739.png,1,fake,test
C:\Users\Hani Computer\deepfake_project\Data\test\fake\000000_x_0_74.png,1,fake,test
C:\Users\Hani Computer\deepfake_project\Data\test\fake\000000_x_0_740.png,1,fake,test
C:\Users\Hani Computer\deepfake_project\Data\test\fake\000000_x_0_741.png,1,fake,test
C:\Users\Hani Computer\deepfake_project\Data\test\fake\000000_x_0_742.png,1,fake,test
C:\Users\Hani Computer\deepfake_project\Data\test\fake\000000_x_0_743.png,1,fake,test
C:\Users\Hani Computer\deepfake_project\Data\test\fake\000000_x_0_744.png,1,fake,test
C:\Users\Hani Computer\deepfake_project\Data\test\fake\000000_x_0_745.png,1,fake,test
C:\Users\Hani Computer\deepfake_project\Data\test\fake\000000_x_0_746.png,1,fake,test
C:\Users\Hani Computer\deepfake_project\Data\test\fake\000000_x_0_747.png,1,fake,test
C:\Users\Hani Computer\deepfake_project\Data\test\fake\000000_x_0_748.png,1,fake,test
C:\Users\Hani Computer\deepfake_project\Data\test\fake\000000_x_0_749.png,1,fake,test
C:\Users\Hani Computer\deepfake_project\Data\test\fake\000000_x_0_75.png,1,fake,test
C:\Users\Hani Computer\deepfake_project\Data\test\fake\000000_x_0_750.png,1,fake,test
C:\Users\Hani Computer\deepfake_project\Data\test\fake\000000_x_0_751.png,1,fake,test
C:\Users\Hani Computer\deepfake_project\Data\test\fake\000000_x_0_752.png,1,fake,test
C:\Users\Hani Computer\deepfake_project\Data\test\fake\000000_x_0_753.png,1,fake,test
C:\Users\Hani Computer\deepfake_project\Data\test\fake\000000_x_0_754.png,1,fake,test
C:\Users\Hani Computer\deepfake_project\Data\test\fake\000000_x_0_755.png,1,fake,test
C:\Users\Hani Computer\deepfake_project\Data\test\fake\000000_x_0_756.png,1,fake,test
C:\Users\Hani Computer\deepfake_project\Data\test\fake\000000_x_0_757.png,1,fake,test
C:\Users\Hani Computer\deepfake_project\Data\test\fake\000000_x_0_758.png,1,fake,test
C:\Users\Hani Computer\deepfake_project\Data\test\fake\000000_x_0_759.png,1,fake,test
C:\Users\Hani Computer\deepfake_project\Data\test\fake\000000_x_0_76.png,1,fake,test
C:\Users\Hani Computer\deepfake_project\Data\test\fake\000000_x_0_760.png,1,fake,test
C:\Users\Hani Computer\deepfake_project\Data\test\fake\000000_x_0_761.png,1,fake,test
C:\Users\Hani Computer\deepfake_project\Data\test\fake\000000_x_0_762.png,1,fake,test
C:\Users\Hani Computer\deepfake_project\Data\test\fake\000000_x_0_763.png,1,fake,test
C:\Users\Hani Computer\deepfake_project\Data\test\fake\000000_x_0_764.png,1,fake,test
C:\Users\Hani Computer\deepfake_project\Data\test\fake\000000_x_0_765.png,1,fake,test
C:\Users\Hani Computer\deepfake_project\Data\test\fake\000000_x_0_766.png,1,fake,test
C:\Users\Hani Computer\deepfake_project\Data\test\fake\000000_x_0_767.png,1,fake,test
C:\Users\Hani Computer\deepfake_project\Data\test\fake\000000_x_0_768.png,1,fake,test
C:\Users\Hani Computer\deepfake_project\Data\test\fake\000000_x_0_769.png,1,fake,test
C:\Users\Hani Computer\deepfake_project\Data\test\fake\000000_x_0_77.png,1,fake,test
C:\Users\Hani Computer\deepfake_project\Data\test\fake\000000_x_0_770.png,1,fake,test
C:\Users\Hani Computer\deepfake_project\Data\test\fake\000000_x_0_771.png,1,fake,test
C:\Users\Hani Computer\deepfake_project\Data\test\fake\000000_x_0_772.png,1,fake,test
C:\Users\Hani Computer\deepfake_project\Data\test\fake\000000_x_0_773.png,1,fake,test
C:\Users\Hani Computer\deepfake_project\Data\test\fake\000000_x_0_774.png,1,fake,test
C:\Users\Hani Computer\deepfake_project\Data\test\fake\000000_x_0_775.png,1,fake,test
C:\Users\Hani Computer\deepfake_project\Data\test\fake\000000_x_0_776.png,1,fake,test
C:\Users\Hani Computer\deepfake_project\Data\test\fake\000000_x_0_777.png,1,fake,test
C:\Users\Hani Computer\deepfake_project\Data\test\fake\000000_x_0_778.png,1,fake,test
C:\Users\Hani Computer\deepfake_project\Data\test\fake\000000_x_0_779.png,1,fake,test
C:\Users\Hani Computer\deepfake_project\Data\test\fake\000000_x_0_78.png,1,fake,test
C:\Users\Hani Computer\deepfake_project\Data\test\fake\000000_x_0_780.png,1,fake,test
C:\Users\Hani Computer\deepfake_project\Data\test\fake\000000_x_0_781.png,1,fake,test
C:\Users\Hani Computer\deepfake_project\Data\test\fake\000000_x_0_782.png,1,fake,test
C:\Users\Hani Computer\deepfake_project\Data\test\fake\000000_x_0_783.png,1,fake,test
C:\Users\Hani Computer\deepfake_project\Data\test\fake\000000_x_0_784.png,1,fake,test
C:\Users\Hani Computer\deepfake_project\Data\test\fake\000000_x_0_785.png,1,fake,test
C:\Users\Hani Computer\deepfake_project\Data\test\fake\000000_x_0_786.png,1,fake,test
C:\Users\Hani Computer\deepfake_project\Data\test\fake\000000_x_0_787.png,1,fake,test
C:\Users\Hani Computer\deepfake_project\Data\test\fake\000000_x_0_788.png,1,fake,test
C:\Users\Hani Computer\deepfake_project\Data\test\fake\000000_x_0_789.png,1,fake,test
C:\Users\Hani Computer\deepfake_project\Data\test\fake\000000_x_0_79.png,1,fake,test
C:\Users\Hani Computer\deepfake_project\Data\test\fake\000000_x_0_790.png,1,fake,test
C:\Users\Hani Computer\deepfake_project\Data\test\fake\000000_x_0_791.png,1,fake,test
C:\Users\Hani Computer\deepfake_project\Data\test\fake\000000_x_0_792.png,1,fake,test
C:\Users\Hani Computer\deepfake_project\Data\test\fake\000000_x_0_793.png,1,fake,test
C:\Users\Hani Computer\deepfake_project\Data\test\fake\000000_x_0_794.png,1,fake,test
C:\Users\Hani Computer\deepfake_project\Data\test\fake\000000_x_0_795.png,1,fake,test
C:\Users\Hani Computer\deepfake_project\Data\test\fake\000000_x_0_796.png,1,fake,test
C:\Users\Hani Computer\deepfake_project\Data\test\fake\000000_x_0_797.png,1,fake,test
C:\Users\Hani Computer\deepfake_project\Data\test\fake\000000_x_0_798.png,1,fake,test
C:\Users\Hani Computer\deepfake_project\Data\test\fake\000000_x_0_799.png,1,fake,test
C:\Users\Hani Computer\deepfake_project\Data\test\fake\000000_x_0_8.png,1,fake,test
C:\Users\Hani Computer\deepfake_project\Data\test\fake\000000_x_0_80.png,1,fake,test
C:\Users\Hani Computer\deepfake_project\Data\test\fake\000000_x_0_800.png,1,fake,test
C:\Users\Hani Computer\deepfake_project\Data\test\fake\000000_x_0_801.png,1,fake,test
C:\Users\Hani Computer\deepfake_project\Data\test\fake\000000_x_0_802.png,1,fake,test
C:\Users\Hani Computer\deepfake_project\Data\test\fake\000000_x_0_803.png,1,fake,test
C:\Users\Hani Computer\deepfake_project\Data\test\fake\000000_x_0_804.png,1,fake,test
C:\Users\Hani Computer\deepfake_project\Data\test\fake\000000_x_0_805.png,1,fake,test
C:\Users\Hani Computer\deepfake_project\Data\test\fake\000000_x_0_806.png,1,fake,test
C:\Users\Hani Computer\deepfake_project\Data\test\fake\000000_x_0_807.png,1,fake,test
C:\Users\Hani Computer\deepfake_project\Data\test\fake\000000_x_0_808.png,1,fake,test
C:\Users\Hani Computer\deepfake_project\Data\test\fake\000000_x_0_809.png,1,fake,test
C:\Users\Hani Computer\deepfake_project\Data\test\fake\000000_x_0_81.png,1,fake,test
C:\Users\Hani Computer\deepfake_project\Data\test\fake\000000_x_0_810.png,1,fake,test
C:\Users\Hani Computer\deepfake_project\Data\test\fake\000000_x_0_811.png,1,fake,test
C:\Users\Hani Computer\deepfake_project\Data\test\fake\000000_x_0_812.png,1,fake,test
C:\Users\Hani Computer\deepfake_project\Data\test\fake\000000_x_0_813.png,1,fake,test
C:\Users\Hani Computer\deepfake_project\Data\test\fake\000000_x_0_814.png,1,fake,test
C:\Users\Hani Computer\deepfake_project\Data\test\fake\000000_x_0_815.png,1,fake,test
C:\Users\Hani Computer\deepfake_project\Data\test\fake\000000_x_0_816.png,1,fake,test
C:\Users\Hani Computer\deepfake_project\Data\test\fake\000000_x_0_817.png,1,fake,test
C:\Users\Hani Computer\deepfake_project\Data\test\fake\000000_x_0_818.png,1,fake,test
C:\Users\Hani Computer\deepfake_project\Data\test\fake\000000_x_0_819.png,1,fake,test
C:\Users\Hani Computer\deepfake_project\Data\test\fake\000000_x_0_82.png,1,fake,test
C:\Users\Hani Computer\deepfake_project\Data\test\fake\000000_x_0_820.png,1,fake,test
C:\Users\Hani Computer\deepfake_project\Data\test\fake\000000_x_0_821.png,1,fake,test
C:\Users\Hani Computer\deepfake_project\Data\test\fake\000000_x_0_822.png,1,fake,test
C:\Users\Hani Computer\deepfake_project\Data\test\fake\000000_x_0_823.png,1,fake,test
C:\Users\Hani Computer\deepfake_project\Data\test\fake\000000_x_0_824.png,1,fake,test
C:\Users\Hani Computer\deepfake_project\Data\test\fake\000000_x_0_825.png,1,fake,test
C:\Users\Hani Computer\deepfake_project\Data\test\fake\000000_x_0_826.png,1,fake,test
C:\Users\Hani Computer\deepfake_project\Data\test\fake\000000_x_0_827.png,1,fake,test
C:\Users\Hani Computer\deepfake_project\Data\test\fake\000000_x_0_828.png,1,fake,test
C:\Users\Hani Computer\deepfake_project\Data\test\fake\000000_x_0_829.png,1,fake,test
C:\Users\Hani Computer\deepfake_project\Data\test\fake\000000_x_0_83.png,1,fake,test
C:\Users\Hani Computer\deepfake_project\Data\test\fake\000000_x_0_830.png,1,fake,test
C:\Users\Hani Computer\deepfake_project\Data\test\fake\000000_x_0_831.png,1,fake,test
C:\Users\Hani Computer\deepfake_project\Data\test\fake\000000_x_0_832.png,1,fake,test
C:\Users\Hani Computer\deepfake_project\Data\test\fake\000000_x_0_833.png,1,fake,test
C:\Users\Hani Computer\deepfake_project\Data\test\fake\000000_x_0_834.png,1,fake,test
C:\Users\Hani Computer\deepfake_project\Data\test\fake\000000_x_0_835.png,1,fake,test
C:\Users\Hani Computer\deepfake_project\Data\test\fake\000000_x_0_836.png,1,fake,test
C:\Users\Hani Computer\deepfake_project\Data\test\fake\000000_x_0_837.png,1,fake,test
C:\Users\Hani Computer\deepfake_project\Data\test\fake\000000_x_0_838.png,1,fake,test
C:\Users\Hani Computer\deepfake_project\Data\test\fake\000000_x_0_839.png,1,fake,test
C:\Users\Hani Computer\deepfake_project\Data\test\fake\000000_x_0_84.png,1,fake,test
C:\Users\Hani Computer\deepfake_project\Data\test\fake\000000_x_0_840.png,1,fake,test
C:\Users\Hani Computer\deepfake_project\Data\test\fake\000000_x_0_841.png,1,fake,test
C:\Users\Hani Computer\deepfake_project\Data\test\fake\000000_x_0_842.png,1,fake,test
C:\Users\Hani Computer\deepfake_project\Data\test\fake\000000_x_0_843.png,1,fake,test
C:\Users\Hani Computer\deepfake_project\Data\test\fake\000000_x_0_844.png,1,fake,test
C:\Users\Hani Computer\deepfake_project\Data\test\fake\000000_x_0_845.png,1,fake,test
C:\Users\Hani Computer\deepfake_project\Data\test\fake\000000_x_0_846.png,1,fake,test
C:\Users\Hani Computer\deepfake_project\Data\test\fake\000000_x_0_847.png,1,fake,test
C:\Users\Hani Computer\deepfake_project\Data\test\fake\000000_x_0_848.png,1,fake,test
C:\Users\Hani Computer\deepfake_project\Data\test\fake\000000_x_0_849.png,1,fake,test
C:\Users\Hani Computer\deepfake_project\Data\test\fake\000000_x_0_85.png,1,fake,test
C:\Users\Hani Computer\deepfake_project\Data\test\fake\000000_x_0_850.png,1,fake,test
C:\Users\Hani Computer\deepfake_project\Data\test\fake\000000_x_0_851.png,1,fake,test
C:\Users\Hani Computer\deepfake_project\Data\test\fake\000000_x_0_852.png,1,fake,test
C:\Users\Hani Computer\deepfake_project\Data\test\fake\000000_x_0_853.png,1,fake,test
C:\Users\Hani Computer\deepfake_project\Data\test\fake\000000_x_0_854.png,1,fake,test
C:\Users\Hani Computer\deepfake_project\Data\test\fake\000000_x_0_855.png,1,fake,test
C:\Users\Hani Computer\deepfake_project\Data\test\fake\000000_x_0_856.png,1,fake,test
C:\Users\Hani Computer\deepfake_project\Data\test\fake\000000_x_0_857.png,1,fake,test
C:\Users\Hani Computer\deepfake_project\Data\test\fake\000000_x_0_858.png,1,fake,test
C:\Users\Hani Computer\deepfake_project\Data\test\fake\000000_x_0_859.png,1,fake,test
C:\Users\Hani Computer\deepfake_project\Data\test\fake\000000_x_0_86.png,1,fake,test
C:\Users\Hani Computer\deepfake_project\Data\test\fake\000000_x_0_860.png,1,fake,test
C:\Users\Hani Computer\deepfake_project\Data\test\fake\000000_x_0_861.png,1,fake,test
C:\Users\Hani Computer\deepfake_project\Data\test\fake\000000_x_0_862.png,1,fake,test
C:\Users\Hani Computer\deepfake_project\Data\test\fake\000000_x_0_863.png,1,fake,test
C:\Users\Hani Computer\deepfake_project\Data\test\fake\000000_x_0_864.png,1,fake,test
C:\Users\Hani Computer\deepfake_project\Data\test\fake\000000_x_0_865.png,1,fake,test
C:\Users\Hani Computer\deepfake_project\Data\test\fake\000000_x_0_866.png,1,fake,test
C:\Users\Hani Computer\deepfake_project\Data\test\fake\000000_x_0_867.png,1,fake,test
C:\Users\Hani Computer\deepfake_project\Data\test\fake\000000_x_0_868.png,1,fake,test
C:\Users\Hani Computer\deepfake_project\Data\test\fake\000000_x_0_869.png,1,fake,test
C:\Users\Hani Computer\deepfake_project\Data\test\fake\000000_x_0_87.png,1,fake,test
C:\Users\Hani Computer\deepfake_project\Data\test\fake\000000_x_0_870.png,1,fake,test
C:\Users\Hani Computer\deepfake_project\Data\test\fake\000000_x_0_871.png,1,fake,test
C:\Users\Hani Computer\deepfake_project\Data\test\fake\000000_x_0_872.png,1,fake,test
C:\Users\Hani Computer\deepfake_project\Data\test\fake\000000_x_0_873.png,1,fake,test
C:\Users\Hani Computer\deepfake_project\Data\test\fake\000000_x_0_874.png,1,fake,test
C:\Users\Hani Computer\deepfake_project\Data\test\fake\000000_x_0_875.png,1,fake,test
C:\Users\Hani Computer\deepfake_project\Data\test\fake\000000_x_0_876.png,1,fake,test
C:\Users\Hani Computer\deepfake_project\Data\test\fake\000000_x_0_877.png,1,fake,test
C:\Users\Hani Computer\deepfake_project\Data\test\fake\000000_x_0_878.png,1,fake,test
C:\Users\Hani Computer\deepfake_project\Data\test\fake\000000_x_0_879.png,1,fake,test
C:\Users\Hani Computer\deepfake_project\Data\test\fake\000000_x_0_88.png,1,fake,test
C:\Users\Hani Computer\deepfake_project\Data\test\fake\000000_x_0_880.png,1,fake,test
C:\Users\Hani Computer\deepfake_project\Data\test\fake\000000_x_0_881.png,1,fake,test
C:\Users\Hani Computer\deepfake_project\Data\test\fake\000000_x_0_882.png,1,fake,test
C:\Users\Hani Computer\deepfake_project\Data\test\fake\000000_x_0_883.png,1,fake,test
C:\Users\Hani Computer\deepfake_project\Data\test\fake\000000_x_0_884.png,1,fake,test
C:\Users\Hani Computer\deepfake_project\Data\test\fake\000000_x_0_885.png,1,fake,test
C:\Users\Hani Computer\deepfake_project\Data\test\fake\000000_x_0_886.png,1,fake,test
C:\Users\Hani Computer\deepfake_project\Data\test\fake\000000_x_0_887.png,1,fake,test
C:\Users\Hani Computer\deepfake_project\Data\test\fake\000000_x_0_888.png,1,fake,test
C:\Users\Hani Computer\deepfake_project\Data\test\fake\000000_x_0_889.png,1,fake,test
C:\Users\Hani Computer\deepfake_project\Data\test\fake\000000_x_0_89.png,1,fake,test
C:\Users\Hani Computer\deepfake_project\Data\test\fake\000000_x_0_890.png,1,fake,test
C:\Users\Hani Computer\deepfake_project\Data\test\fake\000000_x_0_891.png,1,fake,test
C:\Users\Hani Computer\deepfake_project\Data\test\fake\000000_x_0_892.png,1,fake,test
C:\Users\Hani Computer\deepfake_project\Data\test\fake\000000_x_0_893.png,1,fake,test
C:\Users\Hani Computer\deepfake_project\Data\test\fake\000000_x_0_894.png,1,fake,test
C:\Users\Hani Computer\deepfake_project\Data\test\fake\000000_x_0_895.png,1,fake,test
C:\Users\Hani Computer\deepfake_project\Data\test\fake\000000_x_0_896.png,1,fake,test
C:\Users\Hani Computer\deepfake_project\Data\test\fake\000000_x_0_897.png,1,fake,test
C:\Users\Hani Computer\deepfake_project\Data\test\fake\000000_x_0_898.png,1,fake,test
C:\Users\Hani Computer\deepfake_project\Data\test\fake\000000_x_0_899.png,1,fake,test
C:\Users\Hani Computer\deepfake_project\Data\test\fake\000000_x_0_9.png,1,fake,test
C:\Users\Hani Computer\deepfake_project\Data\test\fake\000000_x_0_90.png,1,fake,test
C:\Users\Hani Computer\deepfake_project\Data\test\fake\000000_x_0_900.png,1,fake,test
C:\Users\Hani Computer\deepfake_project\Data\test\fake\000000_x_0_901.png,1,fake,test
C:\Users\Hani Computer\deepfake_project\Data\test\fake\000000_x_0_902.png,1,fake,test
C:\Users\Hani Computer\deepfake_project\Data\test\fake\000000_x_0_903.png,1,fake,test
C:\Users\Hani Computer\deepfake_project\Data\test\fake\000000_x_0_904.png,1,fake,test
C:\Users\Hani Computer\deepfake_project\Data\test\fake\000000_x_0_905.png,1,fake,test
C:\Users\Hani Computer\deepfake_project\Data\test\fake\000000_x_0_906.png,1,fake,test
C:\Users\Hani Computer\deepfake_project\Data\test\fake\000000_x_0_907.png,1,fake,test
C:\Users\Hani Computer\deepfake_project\Data\test\fake\000000_x_0_908.png,1,fake,test
C:\Users\Hani Computer\deepfake_project\Data\test\fake\000000_x_0_909.png,1,fake,test
C:\Users\Hani Computer\deepfake_project\Data\test\fake\000000_x_0_91.png,1,fake,test
C:\Users\Hani Computer\deepfake_project\Data\test\fake\000000_x_0_910.png,1,fake,test
C:\Users\Hani Computer\deepfake_project\Data\test\fake\000000_x_0_911.png,1,fake,test
C:\Users\Hani Computer\deepfake_project\Data\test\fake\000000_x_0_912.png,1,fake,test
C:\Users\Hani Computer\deepfake_project\Data\test\fake\000000_x_0_913.png,1,fake,test
C:\Users\Hani Computer\deepfake_project\Data\test\fake\000000_x_0_914.png,1,fake,test
C:\Users\Hani Computer\deepfake_project\Data\test\fake\000000_x_0_915.png,1,fake,test
C:\Users\Hani Computer\deepfake_project\Data\test\fake\000000_x_0_916.png,1,fake,test
C:\Users\Hani Computer\deepfake_project\Data\test\fake\000000_x_0_917.png,1,fake,test
C:\Users\Hani Computer\deepfake_project\Data\test\fake\000000_x_0_918.png,1,fake,test
C:\Users\Hani Computer\deepfake_project\Data\test\fake\000000_x_0_919.png,1,fake,test
C:\Users\Hani Computer\deepfake_project\Data\test\fake\000000_x_0_92.png,1,fake,test
C:\Users\Hani Computer\deepfake_project\Data\test\fake\000000_x_0_920.png,1,fake,test
C:\Users\Hani Computer\deepfake_project\Data\test\fake\000000_x_0_921.png,1,fake,test
C:\Users\Hani Computer\deepfake_project\Data\test\fake\000000_x_0_922.png,1,fake,test
C:\Users\Hani Computer\deepfake_project\Data\test\fake\000000_x_0_923.png,1,fake,test
C:\Users\Hani Computer\deepfake_project\Data\test\fake\000000_x_0_924.png,1,fake,test
C:\Users\Hani Computer\deepfake_project\Data\test\fake\000000_x_0_925.png,1,fake,test
C:\Users\Hani Computer\deepfake_project\Data\test\fake\000000_x_0_926.png,1,fake,test
C:\Users\Hani Computer\deepfake_project\Data\test\fake\000000_x_0_927.png,1,fake,test
C:\Users\Hani Computer\deepfake_project\Data\test\fake\000000_x_0_928.png,1,fake,test
C:\Users\Hani Computer\deepfake_project\Data\test\fake\000000_x_0_929.png,1,fake,test
C:\Users\Hani Computer\deepfake_project\Data\test\fake\000000_x_0_93.png,1,fake,test
C:\Users\Hani Computer\deepfake_project\Data\test\fake\000000_x_0_930.png,1,fake,test
C:\Users\Hani Computer\deepfake_project\Data\test\fake\000000_x_0_931.png,1,fake,test
C:\Users\Hani Computer\deepfake_project\Data\test\fake\000000_x_0_932.png,1,fake,test
C:\Users\Hani Computer\deepfake_project\Data\test\fake\000000_x_0_933.png,1,fake,test
C:\Users\Hani Computer\deepfake_project\Data\test\fake\000000_x_0_934.png,1,fake,test
C:\Users\Hani Computer\deepfake_project\Data\test\fake\000000_x_0_935.png,1,fake,test
C:\Users\Hani Computer\deepfake_project\Data\test\fake\000000_x_0_936.png,1,fake,test
C:\Users\Hani Computer\deepfake_project\Data\test\fake\000000_x_0_937.png,1,fake,test
C:\Users\Hani Computer\deepfake_project\Data\test\fake\000000_x_0_938.png,1,fake,test
C:\Users\Hani Computer\deepfake_project\Data\test\fake\000000_x_0_939.png,1,fake,test
C:\Users\Hani Computer\deepfake_project\Data\test\fake\000000_x_0_94.png,1,fake,test
C:\Users\Hani Computer\deepfake_project\Data\test\fake\000000_x_0_940.png,1,fake,test
C:\Users\Hani Computer\deepfake_project\Data\test\fake\000000_x_0_941.png,1,fake,test
C:\Users\Hani Computer\deepfake_project\Data\test\fake\000000_x_0_942.png,1,fake,test
C:\Users\Hani Computer\deepfake_project\Data\test\fake\000000_x_0_943.png,1,fake,test
C:\Users\Hani Computer\deepfake_project\Data\test\fake\000000_x_0_944.png,1,fake,test
C:\Users\Hani Computer\deepfake_project\Data\test\fake\000000_x_0_945.png,1,fake,test
C:\Users\Hani Computer\deepfake_project\Data\test\fake\000000_x_0_946.png,1,fake,test
C:\Users\Hani Computer\deepfake_project\Data\test\fake\000000_x_0_947.png,1,fake,test
C:\Users\Hani Computer\deepfake_project\Data\test\fake\000000_x_0_948.png,1,fake,test
C:\Users\Hani Computer\deepfake_project\Data\test\fake\000000_x_0_949.png,1,fake,test
C:\Users\Hani Computer\deepfake_project\Data\test\fake\000000_x_0_95.png,1,fake,test
C:\Users\Hani Computer\deepfake_project\Data\test\fake\000000_x_0_950.png,1,fake,test
C:\Users\Hani Computer\deepfake_project\Data\test\fake\000000_x_0_951.png,1,fake,test
C:\Users\Hani Computer\deepfake_project\Data\test\fake\000000_x_0_952.png,1,fake,test
C:\Users\Hani Computer\deepfake_project\Data\test\fake\000000_x_0_953.png,1,fake,test
C:\Users\Hani Computer\deepfake_project\Data\test\fake\000000_x_0_954.png,1,fake,test
C:\Users\Hani Computer\deepfake_project\Data\test\fake\000000_x_0_955.png,1,fake,test
C:\Users\Hani Computer\deepfake_project\Data\test\fake\000000_x_0_956.png,1,fake,test
C:\Users\Hani Computer\deepfake_project\Data\test\fake\000000_x_0_957.png,1,fake,test
C:\Users\Hani Computer\deepfake_project\Data\test\fake\000000_x_0_958.png,1,fake,test
C:\Users\Hani Computer\deepfake_project\Data\test\fake\000000_x_0_959.png,1,fake,test
C:\Users\Hani Computer\deepfake_project\Data\test\fake\000000_x_0_96.png,1,fake,test
C:\Users\Hani Computer\deepfake_project\Data\test\fake\000000_x_0_960.png,1,fake,test
C:\Users\Hani Computer\deepfake_project\Data\test\fake\000000_x_0_961.png,1,fake,test
C:\Users\Hani Computer\deepfake_project\Data\test\fake\000000_x_0_962.png,1,fake,test
C:\Users\Hani Computer\deepfake_project\Data\test\fake\000000_x_0_963.png,1,fake,test
C:\Users\Hani Computer\deepfake_project\Data\test\fake\000000_x_0_964.png,1,fake,test
C:\Users\Hani Computer\deepfake_project\Data\test\fake\000000_x_0_965.png,1,fake,test
C:\Users\Hani Computer\deepfake_project\Data\test\fake\000000_x_0_966.png,1,fake,test
C:\Users\Hani Computer\deepfake_project\Data\test\fake\000000_x_0_967.png,1,fake,test
C:\Users\Hani Computer\deepfake_project\Data\test\fake\000000_x_0_968.png,1,fake,test
C:\Users\Hani Computer\deepfake_project\Data\test\fake\000000_x_0_969.png,1,fake,test
C:\Users\Hani Computer\deepfake_project\Data\test\fake\000000_x_0_97.png,1,fake,test
C:\Users\Hani Computer\deepfake_project\Data\test\fake\000000_x_0_970.png,1,fake,test
C:\Users\Hani Computer\deepfake_project\Data\test\fake\000000_x_0_971.png,1,fake,test
C:\Users\Hani Computer\deepfake_project\Data\test\fake\000000_x_0_972.png,1,fake,test
C:\Users\Hani Computer\deepfake_project\Data\test\fake\000000_x_0_973.png,1,fake,test
C:\Users\Hani Computer\deepfake_project\Data\test\fake\000000_x_0_974.png,1,fake,test
C:\Users\Hani Computer\deepfake_project\Data\test\fake\000000_x_0_975.png,1,fake,test
C:\Users\Hani Computer\deepfake_project\Data\test\fake\000000_x_0_976.png,1,fake,test
C:\Users\Hani Computer\deepfake_project\Data\test\fake\000000_x_0_977.png,1,fake,test
C:\Users\Hani Computer\deepfake_project\Data\test\fake\000000_x_0_978.png,1,fake,test
C:\Users\Hani Computer\deepfake_project\Data\test\fake\000000_x_0_979.png,1,fake,test
C:\Users\Hani Computer\deepfake_project\Data\test\fake\000000_x_0_98.png,1,fake,test
C:\Users\Hani Computer\deepfake_project\Data\test\fake\000000_x_0_980.png,1,fake,test
C:\Users\Hani Computer\deepfake_project\Data\test\fake\000000_x_0_981.png,1,fake,test
C:\Users\Hani Computer\deepfake_project\Data\test\fake\000000_x_0_982.png,1,fake,test
C:\Users\Hani Computer\deepfake_project\Data\test\fake\000000_x_0_983.png,1,fake,test
C:\Users\Hani Computer\deepfake_project\Data\test\fake\000000_x_0_984.png,1,fake,test
C:\Users\Hani Computer\deepfake_project\Data\test\fake\000000_x_0_985.png,1,fake,test
C:\Users\Hani Computer\deepfake_project\Data\test\fake\000000_x_0_986.png,1,fake,test
C:\Users\Hani Computer\deepfake_project\Data\test\fake\000000_x_0_987.png,1,fake,test
C:\Users\Hani Computer\deepfake_project\Data\test\fake\000000_x_0_988.png,1,fake,test
C:\Users\Hani Computer\deepfake_project\Data\test\fake\000000_x_0_989.png,1,fake,test
C:\Users\Hani Computer\deepfake_project\Data\test\fake\000000_x_0_99.png,1,fake,test
C:\Users\Hani Computer\deepfake_project\Data\test\fake\000000_x_0_990.png,1,fake,test
C:\Users\Hani Computer\deepfake_project\Data\test\fake\000000_x_0_991.png,1,fake,test
C:\Users\Hani Computer\deepfake_project\Data\test\fake\000000_x_0_992.png,1,fake,test
C:\Users\Hani Computer\deepfake_project\Data\test\fake\000000_x_0_993.png,1,fake,test
C:\Users\Hani Computer\deepfake_project\Data\test\fake\000000_x_0_994.png,1,fake,test
C:\Users\Hani Computer\deepfake_project\Data\test\fake\000000_x_0_995.png,1,fake,test
C:\Users\Hani Computer\deepfake_project\Data\test\fake\000000_x_0_996.png,1,fake,test
C:\Users\Hani Computer\deepfake_project\Data\test\fake\000000_x_0_997.png,1,fake,test
C:\Users\Hani Computer\deepfake_project\Data\test\fake\000000_x_0_998.png,1,fake,test
C:\Users\Hani Computer\deepfake_project\Data\test\fake\000000_x_0_999.png,1,fake,test
C:\Users\Hani Computer\deepfake_project\Data\test\fake\000_1.png,1,fake,test
C:\Users\Hani Computer\deepfake_project\Data\test\fake\000_10.png,1,fake,test
C:\Users\Hani Computer\deepfake_project\Data\test\fake\000_100.png,1,fake,test
C:\Users\Hani Computer\deepfake_project\Data\test\fake\000_101.png,1,fake,test
C:\Users\Hani Computer\deepfake_project\Data\test\fake\000_102.png,1,fake,test
C:\Users\Hani Computer\deepfake_project\Data\test\fake\000_103.png,1,fake,test
C:\Users\Hani Computer\deepfake_project\Data\test\fake\000_104.png,1,fake,test
C:\Users\Hani Computer\deepfake_project\Data\test\fake\000_105.png,1,fake,test
C:\Users\Hani Computer\deepfake_project\Data\test\fake\000_106.png,1,fake,test
C:\Users\Hani Computer\deepfake_project\Data\test\fake\000_107.png,1,fake,test
C:\Users\Hani Computer\deepfake_project\Data\test\fake\000_108.png,1,fake,test
C:\Users\Hani Computer\deepfake_project\Data\test\fake\000_109.png,1,fake,test
C:\Users\Hani Computer\deepfake_project\Data\test\fake\000_11.png,1,fake,test
C:\Users\Hani Computer\deepfake_project\Data\test\fake\000_110.png,1,fake,test
C:\Users\Hani Computer\deepfake_project\Data\test\fake\000_111.png,1,fake,test
C:\Users\Hani Computer\deepfake_project\Data\test\fake\000_112.png,1,fake,test
C:\Users\Hani Computer\deepfake_project\Data\test\fake\000_113.png,1,fake,test
C:\Users\Hani Computer\deepfake_project\Data\test\fake\000_114.png,1,fake,test
C:\Users\Hani Computer\deepfake_project\Data\test\fake\000_115.png,1,fake,test
C:\Users\Hani Computer\deepfake_project\Data\test\fake\000_116.png,1,fake,test
C:\Users\Hani Computer\deepfake_project\Data\test\fake\000_117.png,1,fake,test
C:\Users\Hani Computer\deepfake_project\Data\test\fake\000_118.png,1,fake,test
C:\Users\Hani Computer\deepfake_project\Data\test\fake\000_119.png,1,fake,test
C:\Users\Hani Computer\deepfake_project\Data\test\fake\000_12.png,1,fake,test
C:\Users\Hani Computer\deepfake_project\Data\test\fake\000_120.png,1,fake,test
C:\Users\Hani Computer\deepfake_project\Data\test\fake\000_121.png,1,fake,test
C:\Users\Hani Computer\deepfake_project\Data\test\fake\000_122.png,1,fake,test
C:\Users\Hani Computer\deepfake_project\Data\test\fake\000_123.png,1,fake,test
C:\Users\Hani Computer\deepfake_project\Data\test\fake\000_124.png,1,fake,test
C:\Users\Hani Computer\deepfake_project\Data\test\fake\000_125.png,1,fake,test
C:\Users\Hani Computer\deepfake_project\Data\test\fake\000_126.png,1,fake,test
C:\Users\Hani Computer\deepfake_project\Data\test\fake\000_127.png,1,fake,test
C:\Users\Hani Computer\deepfake_project\Data\test\fake\000_128.png,1,fake,test
C:\Users\Hani Computer\deepfake_project\Data\test\fake\000_129.png,1,fake,test
C:\Users\Hani Computer\deepfake_project\Data\test\fake\000_13.png,1,fake,test
C:\Users\Hani Computer\deepfake_project\Data\test\fake\000_130.png,1,fake,test
C:\Users\Hani Computer\deepfake_project\Data\test\fake\000_131.png,1,fake,test
C:\Users\Hani Computer\deepfake_project\Data\test\fake\000_132.png,1,fake,test
C:\Users\Hani Computer\deepfake_project\Data\test\fake\000_133.png,1,fake,test
C:\Users\Hani Computer\deepfake_project\Data\test\fake\000_134.png,1,fake,test
C:\Users\Hani Computer\deepfake_project\Data\test\fake\000_135.png,1,fake,test
C:\Users\Hani Computer\deepfake_project\Data\test\fake\000_136.png,1,fake,test
C:\Users\Hani Computer\deepfake_project\Data\test\fake\000_137.png,1,fake,test
C:\Users\Hani Computer\deepfake_project\Data\test\fake\000_138.png,1,fake,test
C:\Users\Hani Computer\deepfake_project\Data\test\fake\000_139.png,1,fake,test
C:\Users\Hani Computer\deepfake_project\Data\test\fake\000_14.png,1,fake,test
C:\Users\Hani Computer\deepfake_project\Data\test\fake\000_140.png,1,fake,test
C:\Users\Hani Computer\deepfake_project\Data\test\fake\000_141.png,1,fake,test
C:\Users\Hani Computer\deepfake_project\Data\test\fake\000_142.png,1,fake,test
C:\Users\Hani Computer\deepfake_project\Data\test\fake\000_143.png,1,fake,test
C:\Users\Hani Computer\deepfake_project\Data\test\fake\000_144.png,1,fake,test
C:\Users\Hani Computer\deepfake_project\Data\test\fake\000_145.png,1,fake,test
C:\Users\Hani Computer\deepfake_project\Data\test\fake\000_146.png,1,fake,test
C:\Users\Hani Computer\deepfake_project\Data\test\fake\000_147.png,1,fake,test
C:\Users\Hani Computer\deepfake_project\Data\test\fake\000_15.png,1,fake,test
C:\Users\Hani Computer\deepfake_project\Data\test\fake\000_16.png,1,fake,test
C:\Users\Hani Computer\deepfake_project\Data\test\fake\000_17.png,1,fake,test
C:\Users\Hani Computer\deepfake_project\Data\test\fake\000_18.png,1,fake,test
C:\Users\Hani Computer\deepfake_project\Data\test\fake\000_19.png,1,fake,test
C:\Users\Hani Computer\deepfake_project\Data\test\fake\000_2.png,1,fake,test
C:\Users\Hani Computer\deepfake_project\Data\test\fake\000_20.png,1,fake,test
C:\Users\Hani Computer\deepfake_project\Data\test\fake\000_21.png,1,fake,test
C:\Users\Hani Computer\deepfake_project\Data\test\fake\000_22.png,1,fake,test
C:\Users\Hani Computer\deepfake_project\Data\test\fake\000_23.png,1,fake,test
C:\Users\Hani Computer\deepfake_project\Data\test\fake\000_24.png,1,fake,test
C:\Users\Hani Computer\deepfake_project\Data\test\fake\000_25.png,1,fake,test
C:\Users\Hani Computer\deepfake_project\Data\test\fake\000_26.png,1,fake,test
C:\Users\Hani Computer\deepfake_project\Data\test\fake\000_27.png,1,fake,test
C:\Users\Hani Computer\deepfake_project\Data\test\fake\000_28.png,1,fake,test
C:\Users\Hani Computer\deepfake_project\Data\test\fake\000_29.png,1,fake,test
C:\Users\Hani Computer\deepfake_project\Data\test\fake\000_3.png,1,fake,test
C:\Users\Hani Computer\deepfake_project\Data\test\fake\000_30.png,1,fake,test
C:\Users\Hani Computer\deepfake_project\Data\test\fake\000_31.png,1,fake,test
C:\Users\Hani Computer\deepfake_project\Data\test\fake\000_32.png,1,fake,test
C:\Users\Hani Computer\deepfake_project\Data\test\fake\000_33.png,1,fake,test
C:\Users\Hani Computer\deepfake_project\Data\test\fake\000_34.png,1,fake,test
C:\Users\Hani Computer\deepfake_project\Data\test\fake\000_35.png,1,fake,test
C:\Users\Hani Computer\deepfake_project\Data\test\fake\000_36.png,1,fake,test
C:\Users\Hani Computer\deepfake_project\Data\test\fake\000_37.png,1,fake,test
C:\Users\Hani Computer\deepfake_project\Data\test\fake\000_38.png,1,fake,test
C:\Users\Hani Computer\deepfake_project\Data\test\fake\000_39.png,1,fake,test
C:\Users\Hani Computer\deepfake_project\Data\test\fake\000_4.png,1,fake,test
C:\Users\Hani Computer\deepfake_project\Data\test\fake\000_40.png,1,fake,test
C:\Users\Hani Computer\deepfake_project\Data\test\fake\000_41.png,1,fake,test
C:\Users\Hani Computer\deepfake_project\Data\test\fake\000_42.png,1,fake,test
C:\Users\Hani Computer\deepfake_project\Data\test\fake\000_43.png,1,fake,test
C:\Users\Hani Computer\deepfake_project\Data\test\fake\000_44.png,1,fake,test
C:\Users\Hani Computer\deepfake_project\Data\test\fake\000_45.png,1,fake,test
C:\Users\Hani Computer\deepfake_project\Data\test\fake\000_46.png,1,fake,test
C:\Users\Hani Computer\deepfake_project\Data\test\fake\000_47.png,1,fake,test
C:\Users\Hani Computer\deepfake_project\Data\test\fake\000_48.png,1,fake,test
C:\Users\Hani Computer\deepfake_project\Data\test\fake\000_49.png,1,fake,test
C:\Users\Hani Computer\deepfake_project\Data\test\fake\000_5.png,1,fake,test
C:\Users\Hani Computer\deepfake_project\Data\test\fake\000_50.png,1,fake,test
C:\Users\Hani Computer\deepfake_project\Data\test\fake\000_51.png,1,fake,test
C:\Users\Hani Computer\deepfake_project\Data\test\fake\000_52.png,1,fake,test
C:\Users\Hani Computer\deepfake_project\Data\test\fake\000_53.png,1,fake,test
C:\Users\Hani Computer\deepfake_project\Data\test\fake\000_54.png,1,fake,test
C:\Users\Hani Computer\deepfake_project\Data\test\fake\000_55.png,1,fake,test
C:\Users\Hani Computer\deepfake_project\Data\test\fake\000_56.png,1,fake,test
C:\Users\Hani Computer\deepfake_project\Data\test\fake\000_57.png,1,fake,test
C:\Users\Hani Computer\deepfake_project\Data\test\fake\000_58.png,1,fake,test
C:\Users\Hani Computer\deepfake_project\Data\test\fake\000_59.png,1,fake,test
C:\Users\Hani Computer\deepfake_project\Data\test\fake\000_6.png,1,fake,test
C:\Users\Hani Computer\deepfake_project\Data\test\fake\000_60.png,1,fake,test
C:\Users\Hani Computer\deepfake_project\Data\test\fake\000_61.png,1,fake,test
C:\Users\Hani Computer\deepfake_project\Data\test\fake\000_62.png,1,fake,test
C:\Users\Hani Computer\deepfake_project\Data\test\fake\000_63.png,1,fake,test
C:\Users\Hani Computer\deepfake_project\Data\test\fake\000_64.png,1,fake,test
C:\Users\Hani Computer\deepfake_project\Data\test\fake\000_65.png,1,fake,test
C:\Users\Hani Computer\deepfake_project\Data\test\fake\000_66.png,1,fake,test
C:\Users\Hani Computer\deepfake_project\Data\test\fake\000_67.png,1,fake,test
C:\Users\Hani Computer\deepfake_project\Data\test\fake\000_68.png,1,fake,test
C:\Users\Hani Computer\deepfake_project\Data\test\fake\000_69.png,1,fake,test
C:\Users\Hani Computer\deepfake_project\Data\test\fake\000_7.png,1,fake,test
C:\Users\Hani Computer\deepfake_project\Data\test\fake\000_70.png,1,fake,test
C:\Users\Hani Computer\deepfake_project\Data\test\fake\000_71.png,1,fake,test
C:\Users\Hani Computer\deepfake_project\Data\test\fake\000_72.png,1,fake,test
C:\Users\Hani Computer\deepfake_project\Data\test\fake\000_73.png,1,fake,test
C:\Users\Hani Computer\deepfake_project\Data\test\fake\000_74.png,1,fake,test
C:\Users\Hani Computer\deepfake_project\Data\test\fake\000_75.png,1,fake,test
C:\Users\Hani Computer\deepfake_project\Data\test\fake\000_76.png,1,fake,test
C:\Users\Hani Computer\deepfake_project\Data\test\fake\000_77.png,1,fake,test
C:\Users\Hani Computer\deepfake_project\Data\test\fake\000_78.png,1,fake,test
C:\Users\Hani Computer\deepfake_project\Data\test\fake\000_79.png,1,fake,test
C:\Users\Hani Computer\deepfake_project\Data\test\fake\000_8.png,1,fake,test
C:\Users\Hani Computer\deepfake_project\Data\test\fake\000_80.png,1,fake,test
C:\Users\Hani Computer\deepfake_project\Data\test\fake\000_81.png,1,fake,test
C:\Users\Hani Computer\deepfake_project\Data\test\fake\000_82.png,1,fake,test
C:\Users\Hani Computer\deepfake_project\Data\test\fake\000_83.png,1,fake,test
C:\Users\Hani Computer\deepfake_project\Data\test\fake\000_84.png,1,fake,test
C:\Users\Hani Computer\deepfake_project\Data\test\fake\000_85.png,1,fake,test
C:\Users\Hani Computer\deepfake_project\Data\test\fake\000_86.png,1,fake,test
C:\Users\Hani Computer\deepfake_project\Data\test\fake\000_87.png,1,fake,test
C:\Users\Hani Computer\deepfake_project\Data\test\fake\000_88.png,1,fake,test
C:\Users\Hani Computer\deepfake_project\Data\test\fake\000_89.png,1,fake,test
C:\Users\Hani Computer\deepfake_project\Data\test\fake\000_9.png,1,fake,test
C:\Users\Hani Computer\deepfake_project\Data\test\fake\000_90.png,1,fake,test
C:\Users\Hani Computer\deepfake_project\Data\test\fake\000_91.png,1,fake,test
C:\Users\Hani Computer\deepfake_project\Data\test\fake\000_92.png,1,fake,test
C:\Users\Hani Computer\deepfake_project\Data\test\fake\000_93.png,1,fake,test
C:\Users\Hani Computer\deepfake_project\Data\test\fake\000_94.png,1,fake,test
C:\Users\Hani Computer\deepfake_project\Data\test\fake\000_95.png,1,fake,test
C:\Users\Hani Computer\deepfake_project\Data\test\fake\000_96.png,1,fake,test
C:\Users\Hani Computer\deepfake_project\Data\test\fake\000_97.png,1,fake,test
C:\Users\Hani Computer\deepfake_project\Data\test\fake\000_98.png,1,fake,test
C:\Users\Hani Computer\deepfake_project\Data\test\fake\000_99.png,1,fake,test
C:\Users\Hani Computer\deepfake_project\Data\test\fake\002.png,1,fake,test
C:\Users\Hani Computer\deepfake_project\Data\test\fake\003.png,1,fake,test
C:\Users\Hani Computer\deepfake_project\Data\test\fake\003_1.png,1,fake,test
C:\Users\Hani Computer\deepfake_project\Data\test\fake\003_10.png,1,fake,test
C:\Users\Hani Computer\deepfake_project\Data\test\fake\003_11.png,1,fake,test
C:\Users\Hani Computer\deepfake_project\Data\test\fake\003_2.png,1,fake,test
C:\Users\Hani Computer\deepfake_project\Data\test\fake\003_3.png,1,fake,test
C:\Users\Hani Computer\deepfake_project\Data\test\fake\003_4.png,1,fake,test
C:\Users\Hani Computer\deepfake_project\Data\test\fake\003_5.png,1,fake,test
C:\Users\Hani Computer\deepfake_project\Data\test\fake\003_6.png,1,fake,test
C:\Users\Hani Computer\deepfake_project\Data\test\fake\003_7.png,1,fake,test
C:\Users\Hani Computer\deepfake_project\Data\test\fake\003_8.png,1,fake,test
C:\Users\Hani Computer\deepfake_project\Data\test\fake\003_9.png,1,fake,test
C:\Users\Hani Computer\deepfake_project\Data\test\fake\004.png,1,fake,test
C:\Users\Hani Computer\deepfake_project\Data\test\fake\004_1.png,1,fake,test
C:\Users\Hani Computer\deepfake_project\Data\test\fake\004_10.png,1,fake,test
C:\Users\Hani Computer\deepfake_project\Data\test\fake\004_11.png,1,fake,test
C:\Users\Hani Computer\deepfake_project\Data\test\fake\004_12.png,1,fake,test
C:\Users\Hani Computer\deepfake_project\Data\test\fake\004_13.png,1,fake,test
C:\Users\Hani Computer\deepfake_project\Data\test\fake\004_14.png,1,fake,test
C:\Users\Hani Computer\deepfake_project\Data\test\fake\004_15.png,1,fake,test
C:\Users\Hani Computer\deepfake_project\Data\test\fake\004_16.png,1,fake,test
C:\Users\Hani Computer\deepfake_project\Data\test\fake\004_17.png,1,fake,test
C:\Users\Hani Computer\deepfake_project\Data\test\fake\004_18.png,1,fake,test
C:\Users\Hani Computer\deepfake_project\Data\test\fake\004_2.png,1,fake,test
C:\Users\Hani Computer\deepfake_project\Data\test\fake\004_3.png,1,fake,test
C:\Users\Hani Computer\deepfake_project\Data\test\fake\004_4.png,1,fake,test
C:\Users\Hani Computer\deepfake_project\Data\test\fake\004_5.png,1,fake,test
C:\Users\Hani Computer\deepfake_project\Data\test\fake\004_6.png,1,fake,test
C:\Users\Hani Computer\deepfake_project\Data\test\fake\004_7.png,1,fake,test
C:\Users\Hani Computer\deepfake_project\Data\test\fake\004_8.png,1,fake,test
C:\Users\Hani Computer\deepfake_project\Data\test\fake\004_9.png,1,fake,test
C:\Users\Hani Computer\deepfake_project\Data\test\fake\005.png,1,fake,test
C:\Users\Hani Computer\deepfake_project\Data\test\fake\005_1.png,1,fake,test
C:\Users\Hani Computer\deepfake_project\Data\test\fake\005_2.png,1,fake,test
C:\Users\Hani Computer\deepfake_project\Data\test\fake\005_3.png,1,fake,test
C:\Users\Hani Computer\deepfake_project\Data\test\fake\005_4.png,1,fake,test
C:\Users\Hani Computer\deepfake_project\Data\test\fake\005_5.png,1,fake,test
C:\Users\Hani Computer\deepfake_project\Data\test\fake\005_6.png,1,fake,test
C:\Users\Hani Computer\deepfake_project\Data\test\fake\005_7.png,1,fake,test
C:\Users\Hani Computer\deepfake_project\Data\test\fake\005_8.png,1,fake,test
C:\Users\Hani Computer\deepfake_project\Data\test\fake\006.png,1,fake,test
C:\Users\Hani Computer\deepfake_project\Data\test\fake\006_1.png,1,fake,test
C:\Users\Hani Computer\deepfake_project\Data\test\fake\006_10.png,1,fake,test
C:\Users\Hani Computer\deepfake_project\Data\test\fake\006_11.png,1,fake,test
C:\Users\Hani Computer\deepfake_project\Data\test\fake\006_12.png,1,fake,test
C:\Users\Hani Computer\deepfake_project\Data\test\fake\006_13.png,1,fake,test
C:\Users\Hani Computer\deepfake_project\Data\test\fake\006_14.png,1,fake,test
C:\Users\Hani Computer\deepfake_project\Data\test\fake\006_15.png,1,fake,test
C:\Users\Hani Computer\deepfake_project\Data\test\fake\006_16.png,1,fake,test
C:\Users\Hani Computer\deepfake_project\Data\test\fake\006_2.png,1,fake,test
C:\Users\Hani Computer\deepfake_project\Data\test\fake\006_3.png,1,fake,test
C:\Users\Hani Computer\deepfake_project\Data\test\fake\006_4.png,1,fake,test
C:\Users\Hani Computer\deepfake_project\Data\test\fake\006_5.png,1,fake,test
C:\Users\Hani Computer\deepfake_project\Data\test\fake\006_6.png,1,fake,test
C:\Users\Hani Computer\deepfake_project\Data\test\fake\006_7.png,1,fake,test
C:\Users\Hani Computer\deepfake_project\Data\test\fake\006_8.png,1,fake,test
C:\Users\Hani Computer\deepfake_project\Data\test\fake\006_9.png,1,fake,test
C:\Users\Hani Computer\deepfake_project\Data\test\fake\007.png,1,fake,test
C:\Users\Hani Computer\deepfake_project\Data\test\fake\007_1.png,1,fake,test
C:\Users\Hani Computer\deepfake_project\Data\test\fake\007_10.png,1,fake,test
C:\Users\Hani Computer\deepfake_project\Data\test\fake\007_11.png,1,fake,test
C:\Users\Hani Computer\deepfake_project\Data\test\fake\007_12.png,1,fake,test
C:\Users\Hani Computer\deepfake_project\Data\test\fake\007_13.png,1,fake,test
C:\Users\Hani Computer\deepfake_project\Data\test\fake\007_14.png,1,fake,test
C:\Users\Hani Computer\deepfake_project\Data\test\fake\007_15.png,1,fake,test
C:\Users\Hani Computer\deepfake_project\Data\test\fake\007_16.png,1,fake,test
C:\Users\Hani Computer\deepfake_project\Data\test\fake\007_17.png,1,fake,test
C:\Users\Hani Computer\deepfake_project\Data\test\fake\007_2.png,1,fake,test
C:\Users\Hani Computer\deepfake_project\Data\test\fake\007_3.png,1,fake,test
C:\Users\Hani Computer\deepfake_project\Data\test\fake\007_4.png,1,fake,test
C:\Users\Hani Computer\deepfake_project\Data\test\fake\007_5.png,1,fake,test
C:\Users\Hani Computer\deepfake_project\Data\test\fake\007_6.png,1,fake,test
C:\Users\Hani Computer\deepfake_project\Data\test\fake\007_7.png,1,fake,test
C:\Users\Hani Computer\deepfake_project\Data\test\fake\007_8.png,1,fake,test
C:\Users\Hani Computer\deepfake_project\Data\test\fake\007_9.png,1,fake,test
C:\Users\Hani Computer\deepfake_project\Data\test\fake\008.png,1,fake,test
C:\Users\Hani Computer\deepfake_project\Data\test\fake\008_1.png,1,fake,test
C:\Users\Hani Computer\deepfake_project\Data\test\fake\008_10.png,1,fake,test
C:\Users\Hani Computer\deepfake_project\Data\test\fake\008_11.png,1,fake,test
C:\Users\Hani Computer\deepfake_project\Data\test\fake\008_12.png,1,fake,test
C:\Users\Hani Computer\deepfake_project\Data\test\fake\008_2.png,1,fake,test
C:\Users\Hani Computer\deepfake_project\Data\test\fake\008_3.png,1,fake,test
C:\Users\Hani Computer\deepfake_project\Data\test\fake\008_4.png,1,fake,test
C:\Users\Hani Computer\deepfake_project\Data\test\fake\008_5.png,1,fake,test
C:\Users\Hani Computer\deepfake_project\Data\test\fake\008_6.png,1,fake,test
C:\Users\Hani Computer\deepfake_project\Data\test\fake\008_7.png,1,fake,test
C:\Users\Hani Computer\deepfake_project\Data\test\fake\008_8.png,1,fake,test
C:\Users\Hani Computer\deepfake_project\Data\test\fake\008_9.png,1,fake,test
C:\Users\Hani Computer\deepfake_project\Data\test\fake\009.png,1,fake,test
C:\Users\Hani Computer\deepfake_project\Data\test\fake\009_1.png,1,fake,test
C:\Users\Hani Computer\deepfake_project\Data\test\fake\009_10.png,1,fake,test
C:\Users\Hani Computer\deepfake_project\Data\test\fake\009_11.png,1,fake,test
C:\Users\Hani Computer\deepfake_project\Data\test\fake\009_12.png,1,fake,test
C:\Users\Hani Computer\deepfake_project\Data\test\fake\009_13.png,1,fake,test
C:\Users\Hani Computer\deepfake_project\Data\test\fake\009_14.png,1,fake,test
C:\Users\Hani Computer\deepfake_project\Data\test\fake\009_2.png,1,fake,test
C:\Users\Hani Computer\deepfake_project\Data\test\fake\009_3.png,1,fake,test
C:\Users\Hani Computer\deepfake_project\Data\test\fake\009_4.png,1,fake,test
C:\Users\Hani Computer\deepfake_project\Data\test\fake\009_5.png,1,fake,test
C:\Users\Hani Computer\deepfake_project\Data\test\fake\009_6.png,1,fake,test
C:\Users\Hani Computer\deepfake_project\Data\test\fake\009_7.png,1,fake,test
C:\Users\Hani Computer\deepfake_project\Data\test\fake\009_8.png,1,fake,test
C:\Users\Hani Computer\deepfake_project\Data\test\fake\009_9.png,1,fake,test
C:\Users\Hani Computer\deepfake_project\Data\test\fake\010 (1).png,1,fake,test
C:\Users\Hani Computer\deepfake_project\Data\test\fake\010 (2).png,1,fake,test
C:\Users\Hani Computer\deepfake_project\Data\test\fake\010.png,1,fake,test
C:\Users\Hani Computer\deepfake_project\Data\test\fake\010_1.png,1,fake,test
C:\Users\Hani Computer\deepfake_project\Data\test\fake\010_10.png,1,fake,test
C:\Users\Hani Computer\deepfake_project\Data\test\fake\010_11.png,1,fake,test
C:\Users\Hani Computer\deepfake_project\Data\test\fake\010_2.png,1,fake,test
C:\Users\Hani Computer\deepfake_project\Data\test\fake\010_3.png,1,fake,test
C:\Users\Hani Computer\deepfake_project\Data\test\fake\010_4.png,1,fake,test
C:\Users\Hani Computer\deepfake_project\Data\test\fake\010_5.png,1,fake,test
C:\Users\Hani Computer\deepfake_project\Data\test\fake\010_6.png,1,fake,test
C:\Users\Hani Computer\deepfake_project\Data\test\fake\010_7.png,1,fake,test
C:\Users\Hani Computer\deepfake_project\Data\test\fake\010_8.png,1,fake,test
C:\Users\Hani Computer\deepfake_project\Data\test\fake\010_9.png,1,fake,test
C:\Users\Hani Computer\deepfake_project\Data\test\fake\011 (1).png,1,fake,test
C:\Users\Hani Computer\deepfake_project\Data\test\fake\011.png,1,fake,test
C:\Users\Hani Computer\deepfake_project\Data\test\fake\011_1.png,1,fake,test
C:\Users\Hani Computer\deepfake_project\Data\test\fake\011_2.png,1,fake,test
C:\Users\Hani Computer\deepfake_project\Data\test\fake\011_3.png,1,fake,test
C:\Users\Hani Computer\deepfake_project\Data\test\fake\011_4.png,1,fake,test
C:\Users\Hani Computer\deepfake_project\Data\test\fake\011_5.png,1,fake,test
C:\Users\Hani Computer\deepfake_project\Data\test\fake\011_6.png,1,fake,test
C:\Users\Hani Computer\deepfake_project\Data\test\fake\011_7.png,1,fake,test
C:\Users\Hani Computer\deepfake_project\Data\test\fake\011_8.png,1,fake,test
C:\Users\Hani Computer\deepfake_project\Data\test\fake\011_9.png,1,fake,test
C:\Users\Hani Computer\deepfake_project\Data\test\fake\012 (1).png,1,fake,test
C:\Users\Hani Computer\deepfake_project\Data\test\fake\012.png,1,fake,test
C:\Users\Hani Computer\deepfake_project\Data\test\fake\012_1.png,1,fake,test
C:\Users\Hani Computer\deepfake_project\Data\test\fake\012_10.png,1,fake,test
C:\Users\Hani Computer\deepfake_project\Data\test\fake\012_11.png,1,fake,test
C:\Users\Hani Computer\deepfake_project\Data\test\fake\012_12.png,1,fake,test
C:\Users\Hani Computer\deepfake_project\Data\test\fake\012_13.png,1,fake,test
C:\Users\Hani Computer\deepfake_project\Data\test\fake\012_14.png,1,fake,test
C:\Users\Hani Computer\deepfake_project\Data\test\fake\012_15.png,1,fake,test
C:\Users\Hani Computer\deepfake_project\Data\test\fake\012_16.png,1,fake,test
C:\Users\Hani Computer\deepfake_project\Data\test\fake\012_17.png,1,fake,test
C:\Users\Hani Computer\deepfake_project\Data\test\fake\012_18.png,1,fake,test
C:\Users\Hani Computer\deepfake_project\Data\test\fake\012_19.png,1,fake,test
C:\Users\Hani Computer\deepfake_project\Data\test\fake\012_2.png,1,fake,test
C:\Users\Hani Computer\deepfake_project\Data\test\fake\012_20.png,1,fake,test
C:\Users\Hani Computer\deepfake_project\Data\test\fake\012_3.png,1,fake,test
C:\Users\Hani Computer\deepfake_project\Data\test\fake\012_4.png,1,fake,test
C:\Users\Hani Computer\deepfake_project\Data\test\fake\012_5.png,1,fake,test
C:\Users\Hani Computer\deepfake_project\Data\test\fake\012_6.png,1,fake,test
C:\Users\Hani Computer\deepfake_project\Data\test\fake\012_7.png,1,fake,test
C:\Users\Hani Computer\deepfake_project\Data\test\fake\012_8.png,1,fake,test
C:\Users\Hani Computer\deepfake_project\Data\test\fake\012_9.png,1,fake,test
C:\Users\Hani Computer\deepfake_project\Data\test\fake\013.png,1,fake,test
C:\Users\Hani Computer\deepfake_project\Data\test\fake\013_1.png,1,fake,test
C:\Users\Hani Computer\deepfake_project\Data\test\fake\013_10.png,1,fake,test
C:\Users\Hani Computer\deepfake_project\Data\test\fake\013_11.png,1,fake,test
C:\Users\Hani Computer\deepfake_project\Data\test\fake\013_2.png,1,fake,test
C:\Users\Hani Computer\deepfake_project\Data\test\fake\013_3.png,1,fake,test
C:\Users\Hani Computer\deepfake_project\Data\test\fake\013_4.png,1,fake,test
C:\Users\Hani Computer\deepfake_project\Data\test\fake\013_5.png,1,fake,test
C:\Users\Hani Computer\deepfake_project\Data\test\fake\013_6.png,1,fake,test
C:\Users\Hani Computer\deepfake_project\Data\test\fake\013_7.png,1,fake,test
C:\Users\Hani Computer\deepfake_project\Data\test\fake\013_8.png,1,fake,test
C:\Users\Hani Computer\deepfake_project\Data\test\fake\013_9.png,1,fake,test
C:\Users\Hani Computer\deepfake_project\Data\test\fake\014.png,1,fake,test
C:\Users\Hani Computer\deepfake_project\Data\test\fake\014_1.png,1,fake,test
C:\Users\Hani Computer\deepfake_project\Data\test\fake\014_10.png,1,fake,test
C:\Users\Hani Computer\deepfake_project\Data\test\fake\014_11.png,1,fake,test
C:\Users\Hani Computer\deepfake_project\Data\test\fake\014_12.png,1,fake,test
C:\Users\Hani Computer\deepfake_project\Data\test\fake\014_13.png,1,fake,test
C:\Users\Hani Computer\deepfake_project\Data\test\fake\014_14.png,1,fake,test
C:\Users\Hani Computer\deepfake_project\Data\test\fake\014_15.png,1,fake,test
C:\Users\Hani Computer\deepfake_project\Data\test\fake\014_16.png,1,fake,test
C:\Users\Hani Computer\deepfake_project\Data\test\fake\014_17.png,1,fake,test
C:\Users\Hani Computer\deepfake_project\Data\test\fake\014_18.png,1,fake,test
C:\Users\Hani Computer\deepfake_project\Data\test\fake\014_19.png,1,fake,test
C:\Users\Hani Computer\deepfake_project\Data\test\fake\014_2.png,1,fake,test
C:\Users\Hani Computer\deepfake_project\Data\test\fake\014_20.png,1,fake,test
C:\Users\Hani Computer\deepfake_project\Data\test\fake\014_21.png,1,fake,test
C:\Users\Hani Computer\deepfake_project\Data\test\fake\014_22.png,1,fake,test
C:\Users\Hani Computer\deepfake_project\Data\test\fake\014_3.png,1,fake,test
C:\Users\Hani Computer\deepfake_project\Data\test\fake\014_4.png,1,fake,test
C:\Users\Hani Computer\deepfake_project\Data\test\fake\014_5.png,1,fake,test
C:\Users\Hani Computer\deepfake_project\Data\test\fake\014_6.png,1,fake,test
C:\Users\Hani Computer\deepfake_project\Data\test\fake\014_7.png,1,fake,test
C:\Users\Hani Computer\deepfake_project\Data\test\fake\014_8.png,1,fake,test
C:\Users\Hani Computer\deepfake_project\Data\test\fake\014_9.png,1,fake,test
C:\Users\Hani Computer\deepfake_project\Data\test\fake\015 (1).png,1,fake,test
C:\Users\Hani Computer\deepfake_project\Data\test\fake\015 (2).png,1,fake,test
C:\Users\Hani Computer\deepfake_project\Data\test\fake\015.png,1,fake,test
C:\Users\Hani Computer\deepfake_project\Data\test\fake\015_1.png,1,fake,test
C:\Users\Hani Computer\deepfake_project\Data\test\fake\015_10.png,1,fake,test
C:\Users\Hani Computer\deepfake_project\Data\test\fake\015_11.png,1,fake,test
C:\Users\Hani Computer\deepfake_project\Data\test\fake\015_12.png,1,fake,test
C:\Users\Hani Computer\deepfake_project\Data\test\fake\015_2.png,1,fake,test
C:\Users\Hani Computer\deepfake_project\Data\test\fake\015_3.png,1,fake,test
C:\Users\Hani Computer\deepfake_project\Data\test\fake\015_4.png,1,fake,test
C:\Users\Hani Computer\deepfake_project\Data\test\fake\015_5.png,1,fake,test
C:\Users\Hani Computer\deepfake_project\Data\test\fake\015_6.png,1,fake,test
C:\Users\Hani Computer\deepfake_project\Data\test\fake\015_7.png,1,fake,test
C:\Users\Hani Computer\deepfake_project\Data\test\fake\015_8.png,1,fake,test
C:\Users\Hani Computer\deepfake_project\Data\test\fake\015_9.png,1,fake,test
C:\Users\Hani Computer\deepfake_project\Data\test\fake\016.png,1,fake,test
C:\Users\Hani Computer\deepfake_project\Data\test\fake\016_1.png,1,fake,test
C:\Users\Hani Computer\deepfake_project\Data\test\fake\016_10.png,1,fake,test
C:\Users\Hani Computer\deepfake_project\Data\test\fake\016_11.png,1,fake,test
C:\Users\Hani Computer\deepfake_project\Data\test\fake\016_12.png,1,fake,test
C:\Users\Hani Computer\deepfake_project\Data\test\fake\016_13.png,1,fake,test
C:\Users\Hani Computer\deepfake_project\Data\test\fake\016_14.png,1,fake,test
C:\Users\Hani Computer\deepfake_project\Data\test\fake\016_15.png,1,fake,test
C:\Users\Hani Computer\deepfake_project\Data\test\fake\016_16.png,1,fake,test
C:\Users\Hani Computer\deepfake_project\Data\test\fake\016_17.png,1,fake,test
C:\Users\Hani Computer\deepfake_project\Data\test\fake\016_18.png,1,fake,test
C:\Users\Hani Computer\deepfake_project\Data\test\fake\016_19.png,1,fake,test
C:\Users\Hani Computer\deepfake_project\Data\test\fake\016_2.png,1,fake,test
C:\Users\Hani Computer\deepfake_project\Data\test\fake\016_3.png,1,fake,test
C:\Users\Hani Computer\deepfake_project\Data\test\fake\016_4.png,1,fake,test
C:\Users\Hani Computer\deepfake_project\Data\test\fake\016_5.png,1,fake,test
C:\Users\Hani Computer\deepfake_project\Data\test\fake\016_6.png,1,fake,test
C:\Users\Hani Computer\deepfake_project\Data\test\fake\016_7.png,1,fake,test
C:\Users\Hani Computer\deepfake_project\Data\test\fake\016_8.png,1,fake,test
C:\Users\Hani Computer\deepfake_project\Data\test\fake\016_9.png,1,fake,test
C:\Users\Hani Computer\deepfake_project\Data\test\fake\017.png,1,fake,test
C:\Users\Hani Computer\deepfake_project\Data\test\fake\017_1.png,1,fake,test
C:\Users\Hani Computer\deepfake_project\Data\test\fake\017_10.png,1,fake,test
C:\Users\Hani Computer\deepfake_project\Data\test\fake\017_11.png,1,fake,test
C:\Users\Hani Computer\deepfake_project\Data\test\fake\017_12.png,1,fake,test
C:\Users\Hani Computer\deepfake_project\Data\test\fake\017_13.png,1,fake,test
C:\Users\Hani Computer\deepfake_project\Data\test\fake\017_14.png,1,fake,test
C:\Users\Hani Computer\deepfake_project\Data\test\fake\017_15.png,1,fake,test
C:\Users\Hani Computer\deepfake_project\Data\test\fake\017_16.png,1,fake,test
C:\Users\Hani Computer\deepfake_project\Data\test\fake\017_17.png,1,fake,test
C:\Users\Hani Computer\deepfake_project\Data\test\fake\017_18.png,1,fake,test
C:\Users\Hani Computer\deepfake_project\Data\test\fake\017_2.png,1,fake,test
C:\Users\Hani Computer\deepfake_project\Data\test\fake\017_3.png,1,fake,test
C:\Users\Hani Computer\deepfake_project\Data\test\fake\017_4.png,1,fake,test
C:\Users\Hani Computer\deepfake_project\Data\test\fake\017_5.png,1,fake,test
C:\Users\Hani Computer\deepfake_project\Data\test\fake\017_6.png,1,fake,test
C:\Users\Hani Computer\deepfake_project\Data\test\fake\017_7.png,1,fake,test
C:\Users\Hani Computer\deepfake_project\Data\test\fake\017_8.png,1,fake,test
C:\Users\Hani Computer\deepfake_project\Data\test\fake\017_9.png,1,fake,test
C:\Users\Hani Computer\deepfake_project\Data\test\fake\018 (1).png,1,fake,test
C:\Users\Hani Computer\deepfake_project\Data\test\fake\018 (2).png,1,fake,test
C:\Users\Hani Computer\deepfake_project\Data\test\fake\018 (3).png,1,fake,test
C:\Users\Hani Computer\deepfake_project\Data\test\fake\018.png,1,fake,test
C:\Users\Hani Computer\deepfake_project\Data\test\fake\018_1.png,1,fake,test
C:\Users\Hani Computer\deepfake_project\Data\test\fake\018_10.png,1,fake,test
C:\Users\Hani Computer\deepfake_project\Data\test\fake\018_11.png,1,fake,test
C:\Users\Hani Computer\deepfake_project\Data\test\fake\018_12.png,1,fake,test
C:\Users\Hani Computer\deepfake_project\Data\test\fake\018_13.png,1,fake,test
C:\Users\Hani Computer\deepfake_project\Data\test\fake\018_14.png,1,fake,test
C:\Users\Hani Computer\deepfake_project\Data\test\fake\018_15.png,1,fake,test
C:\Users\Hani Computer\deepfake_project\Data\test\fake\018_16.png,1,fake,test
C:\Users\Hani Computer\deepfake_project\Data\test\fake\018_17.png,1,fake,test
C:\Users\Hani Computer\deepfake_project\Data\test\fake\018_18.png,1,fake,test
C:\Users\Hani Computer\deepfake_project\Data\test\fake\018_19.png,1,fake,test
C:\Users\Hani Computer\deepfake_project\Data\test\fake\018_2.png,1,fake,test
C:\Users\Hani Computer\deepfake_project\Data\test\fake\018_20.png,1,fake,test
C:\Users\Hani Computer\deepfake_project\Data\test\fake\018_21.png,1,fake,test
C:\Users\Hani Computer\deepfake_project\Data\test\fake\018_22.png,1,fake,test
C:\Users\Hani Computer\deepfake_project\Data\test\fake\018_23.png,1,fake,test
C:\Users\Hani Computer\deepfake_project\Data\test\fake\018_24.png,1,fake,test
C:\Users\Hani Computer\deepfake_project\Data\test\fake\018_25.png,1,fake,test
C:\Users\Hani Computer\deepfake_project\Data\test\fake\018_26.png,1,fake,test
C:\Users\Hani Computer\deepfake_project\Data\test\fake\018_27.png,1,fake,test
C:\Users\Hani Computer\deepfake_project\Data\test\fake\018_28.png,1,fake,test
C:\Users\Hani Computer\deepfake_project\Data\test\fake\018_29.png,1,fake,test
C:\Users\Hani Computer\deepfake_project\Data\test\fake\018_3.png,1,fake,test
C:\Users\Hani Computer\deepfake_project\Data\test\fake\018_30.png,1,fake,test
C:\Users\Hani Computer\deepfake_project\Data\test\fake\018_31.png,1,fake,test
C:\Users\Hani Computer\deepfake_project\Data\test\fake\018_32.png,1,fake,test
C:\Users\Hani Computer\deepfake_project\Data\test\fake\018_33.png,1,fake,test
C:\Users\Hani Computer\deepfake_project\Data\test\fake\018_34.png,1,fake,test
C:\Users\Hani Computer\deepfake_project\Data\test\fake\018_35.png,1,fake,test
C:\Users\Hani Computer\deepfake_project\Data\test\fake\018_36.png,1,fake,test
C:\Users\Hani Computer\deepfake_project\Data\test\fake\018_37.png,1,fake,test
C:\Users\Hani Computer\deepfake_project\Data\test\fake\018_38.png,1,fake,test
C:\Users\Hani Computer\deepfake_project\Data\test\fake\018_39.png,1,fake,test
C:\Users\Hani Computer\deepfake_project\Data\test\fake\018_4.png,1,fake,test
C:\Users\Hani Computer\deepfake_project\Data\test\fake\018_40.png,1,fake,test
C:\Users\Hani Computer\deepfake_project\Data\test\fake\018_41.png,1,fake,test
C:\Users\Hani Computer\deepfake_project\Data\test\fake\018_42.png,1,fake,test
C:\Users\Hani Computer\deepfake_project\Data\test\fake\018_5.png,1,fake,test
C:\Users\Hani Computer\deepfake_project\Data\test\fake\018_6.png,1,fake,test
C:\Users\Hani Computer\deepfake_project\Data\test\fake\018_7.png,1,fake,test
C:\Users\Hani Computer\deepfake_project\Data\test\fake\018_8.png,1,fake,test
C:\Users\Hani Computer\deepfake_project\Data\test\fake\018_9.png,1,fake,test
C:\Users\Hani Computer\deepfake_project\Data\test\fake\019 (1).png,1,fake,test
C:\Users\Hani Computer\deepfake_project\Data\test\fake\019.png,1,fake,test
C:\Users\Hani Computer\deepfake_project\Data\test\fake\019_1.png,1,fake,test
C:\Users\Hani Computer\deepfake_project\Data\test\fake\019_10.png,1,fake,test
C:\Users\Hani Computer\deepfake_project\Data\test\fake\019_11.png,1,fake,test
C:\Users\Hani Computer\deepfake_project\Data\test\fake\019_12.png,1,fake,test
C:\Users\Hani Computer\deepfake_project\Data\test\fake\019_2.png,1,fake,test
C:\Users\Hani Computer\deepfake_project\Data\test\fake\019_3.png,1,fake,test
C:\Users\Hani Computer\deepfake_project\Data\test\fake\019_4.png,1,fake,test
C:\Users\Hani Computer\deepfake_project\Data\test\fake\019_5.png,1,fake,test
C:\Users\Hani Computer\deepfake_project\Data\test\fake\019_6.png,1,fake,test
C:\Users\Hani Computer\deepfake_project\Data\test\fake\019_7.png,1,fake,test
C:\Users\Hani Computer\deepfake_project\Data\test\fake\019_8.png,1,fake,test
C:\Users\Hani Computer\deepfake_project\Data\test\fake\019_9.png,1,fake,test
C:\Users\Hani Computer\deepfake_project\Data\test\fake\020 (1).png,1,fake,test
C:\Users\Hani Computer\deepfake_project\Data\test\fake\020 (2).png,1,fake,test
C:\Users\Hani Computer\deepfake_project\Data\test\fake\020.png,1,fake,test
C:\Users\Hani Computer\deepfake_project\Data\test\fake\020_1.png,1,fake,test
C:\Users\Hani Computer\deepfake_project\Data\test\fake\020_10.png,1,fake,test
C:\Users\Hani Computer\deepfake_project\Data\test\fake\020_11.png,1,fake,test
C:\Users\Hani Computer\deepfake_project\Data\test\fake\020_12.png,1,fake,test
C:\Users\Hani Computer\deepfake_project\Data\test\fake\020_13.png,1,fake,test
C:\Users\Hani Computer\deepfake_project\Data\test\fake\020_14.png,1,fake,test
C:\Users\Hani Computer\deepfake_project\Data\test\fake\020_15.png,1,fake,test
C:\Users\Hani Computer\deepfake_project\Data\test\fake\020_16.png,1,fake,test
C:\Users\Hani Computer\deepfake_project\Data\test\fake\020_17.png,1,fake,test
C:\Users\Hani Computer\deepfake_project\Data\test\fake\020_18.png,1,fake,test
C:\Users\Hani Computer\deepfake_project\Data\test\fake\020_2.png,1,fake,test
C:\Users\Hani Computer\deepfake_project\Data\test\fake\020_3.png,1,fake,test
C:\Users\Hani Computer\deepfake_project\Data\test\fake\020_4.png,1,fake,test
C:\Users\Hani Computer\deepfake_project\Data\test\fake\020_5.png,1,fake,test
C:\Users\Hani Computer\deepfake_project\Data\test\fake\020_6.png,1,fake,test
C:\Users\Hani Computer\deepfake_project\Data\test\fake\020_7.png,1,fake,test
C:\Users\Hani Computer\deepfake_project\Data\test\fake\020_8.png,1,fake,test
C:\Users\Hani Computer\deepfake_project\Data\test\fake\020_9.png,1,fake,test
C:\Users\Hani Computer\deepfake_project\Data\test\fake\021 (1).png,1,fake,test
C:\Users\Hani Computer\deepfake_project\Data\test\fake\021 (2).png,1,fake,test
C:\Users\Hani Computer\deepfake_project\Data\test\fake\021.png,1,fake,test
C:\Users\Hani Computer\deepfake_project\Data\test\fake\021_1.png,1,fake,test
C:\Users\Hani Computer\deepfake_project\Data\test\fake\021_2.png,1,fake,test
C:\Users\Hani Computer\deepfake_project\Data\test\fake\021_3.png,1,fake,test
C:\Users\Hani Computer\deepfake_project\Data\test\fake\021_4.png,1,fake,test
C:\Users\Hani Computer\deepfake_project\Data\test\fake\021_5.png,1,fake,test
C:\Users\Hani Computer\deepfake_project\Data\test\fake\0_1.png,1,fake,test
C:\Users\Hani Computer\deepfake_project\Data\test\fake\1.png,1,fake,test
C:\Users\Hani Computer\deepfake_project\Data\test\fake\10.png,1,fake,test
C:\Users\Hani Computer\deepfake_project\Data\test\fake\10_1.png,1,fake,test
C:\Users\Hani Computer\deepfake_project\Data\test\fake\11.png,1,fake,test
C:\Users\Hani Computer\deepfake_project\Data\test\fake\11_1.png,1,fake,test
C:\Users\Hani Computer\deepfake_project\Data\test\fake\12.png,1,fake,test
C:\Users\Hani Computer\deepfake_project\Data\test\fake\12_1.png,1,fake,test
C:\Users\Hani Computer\deepfake_project\Data\test\fake\13.png,1,fake,test
C:\Users\Hani Computer\deepfake_project\Data\test\fake\13_1.png,1,fake,test
C:\Users\Hani Computer\deepfake_project\Data\test\fake\14.png,1,fake,test
C:\Users\Hani Computer\deepfake_project\Data\test\fake\14_1.png,1,fake,test
C:\Users\Hani Computer\deepfake_project\Data\test\fake\15.png,1,fake,test
C:\Users\Hani Computer\deepfake_project\Data\test\fake\15_1.png,1,fake,test
C:\Users\Hani Computer\deepfake_project\Data\test\fake\16.png,1,fake,test
C:\Users\Hani Computer\deepfake_project\Data\test\fake\16_1.png,1,fake,test
C:\Users\Hani Computer\deepfake_project\Data\test\fake\17.png,1,fake,test
C:\Users\Hani Computer\deepfake_project\Data\test\fake\17_1.png,1,fake,test
C:\Users\Hani Computer\deepfake_project\Data\test\fake\18.png,1,fake,test
C:\Users\Hani Computer\deepfake_project\Data\test\fake\18_1.png,1,fake,test
C:\Users\Hani Computer\deepfake_project\Data\test\fake\19.png,1,fake,test
C:\Users\Hani Computer\deepfake_project\Data\test\fake\19_1.png,1,fake,test
C:\Users\Hani Computer\deepfake_project\Data\test\fake\1_1.png,1,fake,test
C:\Users\Hani Computer\deepfake_project\Data\test\fake\2.png,1,fake,test
C:\Users\Hani Computer\deepfake_project\Data\test\fake\20.png,1,fake,test
C:\Users\Hani Computer\deepfake_project\Data\test\fake\20_1.png,1,fake,test
C:\Users\Hani Computer\deepfake_project\Data\test\fake\21.png,1,fake,test
C:\Users\Hani Computer\deepfake_project\Data\test\fake\21_1.png,1,fake,test
C:\Users\Hani Computer\deepfake_project\Data\test\fake\2_1.png,1,fake,test
C:\Users\Hani Computer\deepfake_project\Data\test\fake\3.png,1,fake,test
C:\Users\Hani Computer\deepfake_project\Data\test\fake\3_1.png,1,fake,test
C:\Users\Hani Computer\deepfake_project\Data\test\fake\4.png,1,fake,test
C:\Users\Hani Computer\deepfake_project\Data\test\fake\4_1.png,1,fake,test
C:\Users\Hani Computer\deepfake_project\Data\test\fake\5.png,1,fake,test
C:\Users\Hani Computer\deepfake_project\Data\test\fake\5_1.png,1,fake,test
C:\Users\Hani Computer\deepfake_project\Data\test\fake\6.png,1,fake,test
C:\Users\Hani Computer\deepfake_project\Data\test\fake\6_1.png,1,fake,test
C:\Users\Hani Computer\deepfake_project\Data\test\fake\7.png,1,fake,test
C:\Users\Hani Computer\deepfake_project\Data\test\fake\7_1.png,1,fake,test
C:\Users\Hani Computer\deepfake_project\Data\test\fake\8.png,1,fake,test
C:\Users\Hani Computer\deepfake_project\Data\test\fake\8_1.png,1,fake,test
C:\Users\Hani Computer\deepfake_project\Data\test\fake\9.png,1,fake,test
C:\Users\Hani Computer\deepfake_project\Data\test\fake\9_1.png,1,fake,test
C:\Users\Hani Computer\deepfake_project\Data\test\fake\0.jpg,1,fake,test
C:\Users\Hani Computer\deepfake_project\Data\test\fake\00000.jpg,1,fake,test
C:\Users\Hani Computer\deepfake_project\Data\test\fake\00001.jpg,1,fake,test
C:\Users\Hani Computer\deepfake_project\Data\test\fake\00002.jpg,1,fake,test
C:\Users\Hani Computer\deepfake_project\Data\test\fake\00003.jpg,1,fake,test
C:\Users\Hani Computer\deepfake_project\Data\test\fake\00004.jpg,1,fake,test
C:\Users\Hani Computer\deepfake_project\Data\test\fake\00005.jpg,1,fake,test
C:\Users\Hani Computer\deepfake_project\Data\test\fake\00006.jpg,1,fake,test
C:\Users\Hani Computer\deepfake_project\Data\test\fake\00007.jpg,1,fake,test
C:\Users\Hani Computer\deepfake_project\Data\test\fake\00008.jpg,1,fake,test
C:\Users\Hani Computer\deepfake_project\Data\test\fake\00009.jpg,1,fake,test
C:\Users\Hani Computer\deepfake_project\Data\test\fake\00010.jpg,1,fake,test
C:\Users\Hani Computer\deepfake_project\Data\test\fake\00011.jpg,1,fake,test
C:\Users\Hani Computer\deepfake_project\Data\test\fake\00012.jpg,1,fake,test
C:\Users\Hani Computer\deepfake_project\Data\test\fake\00013.jpg,1,fake,test
C:\Users\Hani Computer\deepfake_project\Data\test\fake\00014.jpg,1,fake,test
C:\Users\Hani Computer\deepfake_project\Data\test\fake\00015.jpg,1,fake,test
C:\Users\Hani Computer\deepfake_project\Data\test\fake\00016.jpg,1,fake,test
C:\Users\Hani Computer\deepfake_project\Data\test\fake\00017.jpg,1,fake,test
C:\Users\Hani Computer\deepfake_project\Data\test\fake\00018.jpg,1,fake,test
C:\Users\Hani Computer\deepfake_project\Data\test\fake\00019.jpg,1,fake,test
C:\Users\Hani Computer\deepfake_project\Data\test\fake\00020.jpg,1,fake,test
C:\Users\Hani Computer\deepfake_project\Data\test\fake\00021.jpg,1,fake,test
C:\Users\Hani Computer\deepfake_project\Data\test\fake\1.jpg,1,fake,test
C:\Users\Hani Computer\deepfake_project\Data\test\fake\10.jpg,1,fake,test
C:\Users\Hani Computer\deepfake_project\Data\test\fake\11.jpg,1,fake,test
C:\Users\Hani Computer\deepfake_project\Data\test\fake\12.jpg,1,fake,test
C:\Users\Hani Computer\deepfake_project\Data\test\fake\13.jpg,1,fake,test
C:\Users\Hani Computer\deepfake_project\Data\test\fake\14.jpg,1,fake,test
C:\Users\Hani Computer\deepfake_project\Data\test\fake\15.jpg,1,fake,test
C:\Users\Hani Computer\deepfake_project\Data\test\fake\16.jpg,1,fake,test
C:\Users\Hani Computer\deepfake_project\Data\test\fake\17.jpg,1,fake,test
C:\Users\Hani Computer\deepfake_project\Data\test\fake\18.jpg,1,fake,test
C:\Users\Hani Computer\deepfake_project\Data\test\fake\19.jpg,1,fake,test
C:\Users\Hani Computer\deepfake_project\Data\test\fake\2.jpg,1,fake,test
C:\Users\Hani Computer\deepfake_project\Data\test\fake\20.jpg,1,fake,test
C:\Users\Hani Computer\deepfake_project\Data\test\fake\21.jpg,1,fake,test
C:\Users\Hani Computer\deepfake_project\Data\test\fake\3.jpg,1,fake,test
C:\Users\Hani Computer\deepfake_project\Data\test\fake\4.jpg,1,fake,test
C:\Users\Hani Computer\deepfake_project\Data\test\fake\5.jpg,1,fake,test
C:\Users\Hani Computer\deepfake_project\Data\test\fake\6.jpg,1,fake,test
C:\Users\Hani Computer\deepfake_project\Data\test\fake\7.jpg,1,fake,test
C:\Users\Hani Computer\deepfake_project\Data\test\fake\8.jpg,1,fake,test
C:\Users\Hani Computer\deepfake_project\Data\test\fake\9.jpg,1,fake,test
